find_id,find_type
877,Miscellaneous Object
5161,Vessel
5164,Fittings Nails
5168,Animal Bone
5170,Other Natural
6264,;NAILS;FASTENINGS;
6401,Household Vessel
6403,Buildings
6404,Fitting Nails
6405,Household Vessel
6407,;UNWORKED;
6408,Animal Bone
6410,;OTHER;
7581,;VESSEL;SAMIAN;
7584,;NAILS;FASTENINGS;FRAGMENTS;OTHER;
7586,;TESSERAE;
7587,;UNWORKED;
7588,;ANIMAL;
7771,Vessel Samian
7774,Nails Fastenings
7775,Vessel
7778,;ASSORTED;ANIMAL;
7881,;VESSEL;SAMIAN;
7883,;CERAMIC BUILDING MATERIAL;
7884,;NAILS;FASTENINGS;
7885,;VESSEL;
7887,;UNWORKED;
7888,;ASSORTED;ANIMAL;TEETH;
7890,;OTHER;
6253,Buildings
6261,Household Vessel
7961,;VESSEL;SAMIAN;
7963,;CERAMIC BUILDING MATERIAL;
7964,Fittings Nail
7965,;VESSEL;
7966,;TESSERAE;
6267,;UNWORKED;
7967,;UNWORKED;
7968,Assorted Animal Teeth
7970,Miscellaneous
6291,Household Vessel
6294,Fittings Nail
6297,;UNWORKED;
6298,Animal Bone
551,Samian Stamp
528,Miscellaneous Object
651,Miscellaneous Sheet Fragments 2
652,Coin Legible
674,Miscellaneous Ring/washer
678,Coin Legible
683,Textile Needle
702,Miscellaneous Sheet Fragment
742,Jewellery Armlet
746,Miscellaneous Strip
774,Jewellery Brooch
784,Miscellaneous Object
7231,;VESSEL;SAMIAN;
7234,;NAILS;FASTENINGS;FRAGMENTS;OTHER;
7235,;VESSEL;
7238,;ASSORTED;ANIMAL;
7371,;VESSEL;
7373,;CERAMIC BUILDING MATERIAL;
7374,;NAILS;FASTENINGS;FRAGMENTS;OTHER;
7375,;VESSEL;
7376,;TESSERAE;
7378,;ASSORTED;ANIMAL;
7401,;VESSEL;
7404,;NAILS;FASTENINGS;
7408,;ASSORTED;ANIMAL;
7421,;VESSEL;
7424,;NAILS;FASTENINGS;
7425,;VESSEL;
7431,Household Vessel
7433,Buildings
7434,Fittings Nails
7435,Household Vessel
7436,"Buildings, Tesserae"
7437,", unworked,"
8951,Household Vessel
8954,Fitting Nails
8958,Animal Bone
8621,;VESSEL;
8623,;CERAMIC BUILDING MATERIAL;
8624,;NAILS;FASTENINGS;
8625,;VESSEL;
8628,;ASSORTED;ANIMAL;TEETH;
8971,Household vessel
8974,metalworking
8975,Household Vessel
8977,;UNWORKED;
8978,Animal Bone
9101,Household Vessel
9103,Buildings
9104,metalworking
9105,Household Vessel
9107,;UNWORKED;
8021,Household Vessel
8024,Fittings Nails
830,Toilet Stirring Rod
8511,;VESSEL;SAMIAN;
8513,;CERAMIC BUILDING MATERIAL;
8514,;NAILS;FASTENINGS;
8515,;VESSEL;
8518,;ANIMAL;ASSORTED;TEETH;
8581,Household Vessel
8585,Household Vessel
8588,Animal Bone
9571,Household Vessel
9573,Buildings
9574,Fittings Nails
9578,Animal Bone
9611,Household Vessel
9614,Fittings Nails
9615,Household Vessel
903,Miscellaneous Fragment
904,Fittings Furniture Nail
789,Fitting Staple
798,Household Vessel
975,Jewellery Hairpin
965,Samian Stamp
966,Samian Stamp
801,Tools Awl
803,Jewellery Brooch
805,Fittings Boss
806,Tools Blade
807,Jewellery Bead
810,Jewellery Bow Brooch
814,Miscellaneous Fitting
838,Jewellery Armlet
854,Samian Stamp
856,Recreation Counter
880,Household Vessel
916,Household Vessel
930,Dress/miscellaneous Strap-end
945,Coin Illegible
948,Tools
951,Miscellaneous
962,Miscellaneous Strip
963,Household Vessel
971,Jewelley Armlet
974,Samian Stamp
979,Fitting Boss
983,Coin Legible
1015,Jewellery Finger-ring
1078,Miscellaneous Strip
1082,Miscellaneous
1110,Jewellery Hairpin
1056,Miscellaneous Object
1061,Miscellaneous Object
1062,Jewellery Armlet
1063,Samian Stamp
1069,Household Vessel
1118,Jewellery Hairpin
1074,Miscellaneous
1077,Jewellery Brooch
1320,Samian Stamp
16651,household vessel
16654,Fittings Nails
16658,Animal Bone
1121,Household Latch-lifter
16901,household vessel
16904,Fittings Nails
16907,;UNWORKED;
17321,household vessel
17235,;;
17236,;;
17238,;;
1138,Samian Stamp
1286,Jewellery Brooch
1142,Samian Stamp
1143,Recreation Tobacco Pipe
1158,Religion Figurine
1460,Fitting Terminal
1461,Miscellaneous Fragments
17324,Fittings Nails
17325,Household Vessel
17326,"Buildings, Tesserae"
17328,Animal Bone
17331,household vessel
17334,Fittings Nails
17337,;UNWORKED;
17981,;VESSEL;
17985,;VESSEL;
1204,Miscellaneous Shaft
1214,Samian Stamp
1476,Coin Legible
17664,Fittings Nails
12565,;VESSEL;
12567,;UNWORKED;
12568,;ANIMAL;ASSORTED;TEETH;
12570,Miscellaneous
12571,Household Vessel
12573,Buildings
12574,Fittings Nails
12576,"Buildings, Tesserae"
12577,", unworked,"
12578,Animal Bone
12580,;OTHER;
12611,;VESSEL;SAMIAN;
12613,;FLUE TILE;
12614,Nails Fastenings Slag Fragment
12615,;VESSEL;
12617,;UNWORKED;
12618,;ANIMAL;ASSORTED;
12620,;OTHER;
12641,Household Vessel
12644,Fittings Nails
12645,Household Vessel
12646,"Buildings, Tesserae"
12681,Household Vessel
12683,Buildings
12684,Fittings Nails
12687,;UNWORKED;
12688,Animal Bone
12690,;OTHER;
12711,Household Vessel
12713,Buildings
12714,Fittings Nails
12718,Animal Bone
12721,Household Vessel
12728,Animal Bone
12751,Household vessel
12753,Buildings
1231,Coin Legible
1232,Jewellery Brooch
1489,Miscellaneous Sheet
12531,Household vessel
12534,Fittings Nails
12561,;VESSEL;SAMIAN;
12563,;FLUE TILE;
12564,;NAILS;FASTENINGS;SLAG;FRAGMENT;
12755,Household Vessel
12758,Animal Bone
12760,;OTHER;
12881,household vessel
12883,Buildings
12884,Fittings Nails
12885,Household Vessel
12886,"Buildings, Tesserae"
12968,Animal Bone
13007,;UNWORKED;
13321,household vessel
13324,Fittings Nails
13327,;UNWORKED;
13328,Animal Bone
12887,;UNWORKED;
12888,Animal Bone
12890,;OTHER;
12921,household vessel
12924,Fittings Nails
12961,household vessel
12963,Buildings
12964,metalworking
12965,Household Vessel
13081,household vessel
13108,Animal Bone
1166,Religion Figurine
1175,Metal-working
1180,Recreation Counter
13831,;VESSEL;
13834,;NAILS;FASTENINGS;FASTENINGS;
14007,;UNWORKED;
14051,Vessel
14054,Fragments Nail
14058,Animal Bone
14071,household vessel
14074,Fittings Nails
13901,;VESSEL;
13934,Fittings Nails
13937,;UNWORKED;
14001,Household Vessel
14004,Fitting Nails
14141,household vessel
14144,Fittings Nails
14147,;UNWORKED;
14148,Animal Bone
14151,household vessel
14154,Fittings Nails
14158,Animal Bone
14160,Miscellaneous
14201,;VESSEL;SAMIAN;
14078,Animal Bone
14204,;NAILS;FASTENINGS;FASTENINGS;
14206,;TESSERAE;
14221,household vessel
14231,;VESSEL;SAMIAN;
14234,;NAILS;FASTENINGS;FASTENINGS;
14238,;ANIMAL;TEETH;
14261,household vessel
14263,Buildings
14264,Fittings Nails
14268,Animal Bone
1246,Slag
1247,Fitting Stud
14341,household vessel
14344,Fittings Nails
14347,;UNWORKED;
14348,Animal Bone
14481,household vessel
14521,;VESSEL;SAMIAN;
14524,;NAILS;FASTENINGS;FASTENINGS;
14526,;TESSERAE;
14541,;VESSEL;
14544,;NAILS;FASTENINGS;FASTENINGS;
14753,;FLUE TILE;
14758,Animal Bone
14768,Animal Bone
1250,Miscellaneous Sheet
1254,Fittings Hinge
1255,Jewellery Brooch
1257,Fitting Binding
1260,Recreation Counter
13441,Household Vessel
13444,Metal-working
13448,Animal Bone
13491,;VESSEL;
14861,;VESSEL;SAMIAN;
14864,;NAILS;FASTENINGS;FRAGMENTS;
14866,;TESSERAE;
14868,;ASSORTED;ANIMAL;TEETH;
14891,;VESSEL;SAMIAN;
14893,;FLUE TILE;
14894,;NAILS;FASTENINGS;FRAGMENTS;
14895,;VESSEL;
14898,;ASSORTED;ANIMAL;TEETH;
14900,Miscellaneous
14751,Household Vessel
15051,;VESSEL;SAMIAN;
15054,;NAILS;FASTENINGS;
15058,;ASSORTED;ANIMAL;
15068,Animal Bone
15091,household vessel
15093,Buildings
15094,Nails Fastenings
15096,"Buildings, Tesserae"
15291,;VESSEL;
15294,;FRAGMENTS;
15298,;ASSORTED;ANIMAL;TEETH;
15514,Fittings Nails
15518,Animal Bone
15518,Animal Bone
15519,Buildings plaster
15681,Household Vessel
15688,Animal Bone
15691,Vessel  Samian
15814,Fittings Nails
15817,;UNWORKED;
16381,;VESSEL;SAMIAN;
16384,;NAILS;FASTENINGS;
16388,;ASSORTED;ANIMAL;
16431,household vessel
13741,household vessel
15421,;VESSEL;
15424,;NAILS;FASTENINGS;FRAGMENTS;
15425,;VESSEL;
15426,;TESSERAE;
15428,;ASSORTED;ANIMAL;
15621,;VESSEL;SAMIAN;
15628,;ASSORTED;ANIMAL;
15641,;VESSEL;
15645,;VESSEL;
16434,Fittings Nails
16437,;UNWORKED;
16438,Animal Bone
10311,Household Vessel
11641,household Vessel
11643,Buildings
11644,Fittings Nails
11711,;VESSEL;SAMIAN;
11713,;TESSERAE;
11714,;NAILS;FASTENINGS;FRAGMENTS;
11718,;ASSORTED;ANIMAL;
11720,;OTHER;
9654,;FASTENINGS;
9658,;ASSORTED;
13648,Animal Bone
11791,household vessel
11794,Fittings Nails
11798,Animal Bone
11871,;VESSEL;SAMIAN;
11874,;NAILS;FASTENINGS;SLAG;
11877,;UNWORKED;
11878,;;
11188,;;
11888,Animal Bone
11881,Household Vessel
9721,Vessel
9724,;FASTENINGS;
9725,;VESSEL;
9728,;ASSORTED;
9741,Household vessel
9743,Buildings
9744,Fittings Nails
9745,Household Vessel
9761,Household Vessel
9764,Fitting Nails
9765,Household Vessel
9767,;UNWORKED;
9768,Animal Bone
9771,;VESSEL;
9774,;FASTENINGS;SLAG;
9881,Household Vessel
9883,Buildings
9884,metalworking
9885,Household Vessel
9981,Household Vessel
9983,Buildings
9984,Fittings Nails
9987,;UNWORKED;
9988,Animal Bone
10171,Household Vessel
10175,Household Vessel
10451,Household Vessel
10457,;UNWORKED;
10458,Animal Bone
10531,Household Vessel
10538,Animal Bone
10540,;OTHER;
10801,Household VEssel
10821,Household Vessel
10824,Fittings Nails
10825,Household Vessel
11221,Household Vessel
11224,Fittings Nails
11228,Animal Bone
11361,;VESSEL;
11364,;FASTENINGS;OTHER;
11541,Household Vessel
11548,Animal Bone
1711,Toilet Nail-cleaner
1805,Textile Spindlewhorl
1830,Jewellery Brooch
1860,Miscellaneous Object
21521,household vessel
21524,Fittings Nails
21526,Buildings
21528,Animal Bone
21571,household vessel
21574,Fittings Nails
21578,Animal Bone
21641,;SAMIAN;
21645,;FRAGMENT;
21648,;ANIMAL;TEETH;
21674,;NAILS;FASTENINGS;
21677,;ANIMAL;
21733,Building
21751,Household Vessel
21754,Fitting Nails
21758,Animal Bone
21834,metalworking
21871,household vessel
21874,Fittings Nails
21908,;ANIMAL;
24078,;ANIMAL;
24231,Household Vessel
24232,Discarded CBM
24238,Animal Bone
24251,;SAMIAN;
24254,;NAILS;FASTENINGS;OTHER;
24258,Animal
25281,Household Vessel
25284,Nails
25288,Animal Bone
18401,household vessel
18404,Fittings Nails
18408,Animal Bone
19551,household vessel
19554,Fittings Nails
19555,Household Vessel
19558,Animal Bone
19561,household vessel
19564,Fittings Nails
19565,Household Vessel
19566,"Buildings, Tesserae"
19568,Animal Bone
19608,;ANIMAL;
19701,Household Vessel
19703,Building
19708,Animal Bone
19710,;CHARCOAL;
19711,household vessel
19714,Fittings Nails
19715,Household Vessel
19718,Animal Bone
19720,;CHARCOAL;
12061,Household Vessel
13111,household vessel
15741,household vessel
15744,Fittings Nails
17841,household vessel
17846,"Buildings, Tesserae"
17848,Animal Bone
17871,household vessel
17872,Buildings
17873,Buildings
17876,Buildings
17878,Animal Bone
17880,;CHARCOAL;
6402,Buildings
6412,Buildings
9882,Buildings
12572,Buildings
12642,Buildings
12682,Buildings
12712,Buildings
12722,Buildings
12752,Buildings
12882,Buildings
12962,Buildings
13002,Buildings
13092,Buildings
13642,Buildings
13692,Buildings
13932,Building
14002,Building
14052,Building
14072,Buildings
14152,Buildings
14222,Buildings
14262,Buildings
14342,Buildings
14462,Buildings
14482,Buildings
15092,Buildings
15182,Buildings
15742,Buildings
16652,Buildings
16902,Buildings
17322,Buildings
17332,Buildings
17662,Buildings
11562,Buildings
32050,Miscellaneous
5151,Household Vessel
5158,Animal Bone
5181,Household Vessel
6411,Household Vessel
6413,Buildings
6501,Household Vessel
6508,Animal Bone
6511,Household Vessel
6514,Fittings Nails
6521,Household Vessel
6528,Animal Bone
6651,Household Vessel
6681,Houeshold Vessel
6683,Buildings Tessera
10331,Household Vessel
10441,Household Vessel
10443,Buildings
10444,Fittings Nails
10445,Household Vessel
10446,"Buildings, Tesserae"
10448,Animal Bone
10450,Charcoal
11223,Buildings
11404,Nail
12976,"Buildings, tesserae"
13181,Household Vessel
13183,Pawprint
13184,Fitting Nails
13188,Animal Bone
13443,Buildings Tessera
13445,Household Vessel
13446,Buildings Tessera
13450,Miscellaneous
13451,Household Vessel
13454,Fittings Nail
13455,Household Vessel
13456,Tesserae
13458,Animal Bone
14053,Building
14121,Household Vessel
14123,Inclusions
14124,Fittings Nails
14126,"Building, Tesserae"
14128,Animal Bone
14129,Slag
14611,Household Vessel
14613,Buildings
14614,Fitting Nails
14615,Household Vessel
14618,Animal Bone
15014,Nails
15095,Household Vessel
15097,Unworked
15098,Animal Bone
15231,Household Vessel
15234,Fittings Nail
15251,household vessel
15256,"Buildings, Tesserae"
15361,Household Vessel
15364,Fittings Nails
15367,Unworked Sandstone
15368,Animal Bone
15369,Building
15694,Nails  Other
15745,Household Vessel
15748,Animal Bone
25331,Household Vessel
25334,Fittings Nails
25481,household vessel
25484,Fittings Nails
25485,Household Vessel
25488,Animal Bone
25491,Household Vessel
25494,Metal-working
25495,Household Vessel
25498,Animal Bone
25500,Miscellaneous
25674,Nails
25884,Nails
25888,Animal Bone
25894,Nail Other
25898,Animal Bone
25941,Household Vessel
25944,Nails Other
25948,Animal Bone
25961,Household Vessel
25964,Fitting Nails
25984,Nails
25994,Other
25998,Animal Bone
27011,Household Vessel
27018,Animal Bone
27041,Samian
27044,Nail
27066,Worked Tesserae
27111,household vessel
27118,Animal Bone
27131,household vessel
27134,Fittings Nails
27136,"Buildings, Tesserae"
27138,Animal Bone
27141,Household Vessel
27143,Building
27144,Fittings Nail
27148,Animal Bone
27150,Charcoal Clay Hearth Burnt
27211,Household Vessel
27311,household vessel
27314,Fittings Nails
27315,Household Vessel
27421,Household Vessel
27461,Household Vessel
27471,Household Vessel
27473,Building
27474,Fitting Nails
27475,Household Vessel
27478,Animal Bone
27484,Other
27488,Animal Bone
27521,household vessel
27523,Buildings
27524,Fittings Nails
27525,Household Vessel
27528,Animal Bone
27529,Fragments Copper
27591,household vessel
27593,Buildings
27594,metalworking
27595,Household Vessel
27598,Animal Bone
27661,household vessel
27663,buildings
27664,Fittings Nails
27671,Household Vessel
27674,Fitting Nails
27683,Buildings
27684,miscellaneous
27686,"Buildings, Tesserae"
27744,Nail
27751,household vessel
27753,Buildings
27756,"Buildings, Tesserae"
27758,Animal Bone
27759,Buildings
27771,Samian
27778,Animal Bone
27781,household vessel
27788,Animal Bone
27811,Household Vessel
27813,Building
27814,Fitting Nails
27815,Household Vessel
27871,household vessel
27874,Fittings Nails
27875,Household Vessel
27878,Animal Bone
27881,Household Vessel
27883,Building
27884,Nails
27886,"Building, Tesserae"
27891,household vessel
27898,Animal Bone
27904,Nails
27931,Samian
27933,Tesserae
27941,household vessel
27944,Fittings Nails
27951,Household Vessel
27953,Building
27954,Nails Other
27955,Household Vessel
27958,Animal Bone
27991,Household Vessel
28011,Samian
28014,Nails
28033,Pawprint
28034,Nails
28037,Unworked Sandstone
28041,Samian
28044,Nail
28046,Worked Quern
28071,Samian
28081,Samian
28084,Nails Other
28114,Nails
28123,Coating
28131,Household Vessel
28134,Metal-working
28137,Unworked
28138,Animal Bone
28161,Samian
28164,Nails Slag
28166,Worked Greensand
28171,Samian
28174,Nails
28181,Samian
28204,Other
28224,Nails
28241,household vessel
28243,Buildings
28244,Fittings Nails
28245,Household Vessel
28246,"Buildings, Tesserae"
28248,Animal Bone
28254,Slag
28261,Household Vessel
28281,Household Vessel
28284,Nails
28288,Animal Bone
28291,Household Vessel
28298,Animal Bone
28301,Household Vessel
28304,Metalworking
28305,Household Vessel
28308,Animal Bone
28431,Samian
28434,Nails
28461,household vessel
28464,Fittings Nails
28466,"Buildings, Tesserae"
28468,Animal Bone
28471,Samian
28476,Worked Tesserae
28501,household vessel
28504,Fittings Nails
28511,household vessel
28514,Fittings Nails
28515,Household Vessel
28518,Animal Bone
28531,Samian
28534,Nails
28601,Samian
28604,Nails
28651,Samian
28653,Cut-out
28654,Nails Slag
28657,Unworked Lava
28658,Teeth
28671,Samian
28674,Nails Slag
28676,"Buildings, Tesserae"
28678,Animal Bone
28691,Household Vessel
28694,Metal-working
28721,household vessel
28724,fittings Nails
28741,household vessel
28743,Buildings
28744,Fittings Nails
28745,Household Vessel
28746,"Buildings, Tesserae"
28747,Unworked
28748,Animal Bone
28751,Household Vessel
28828,Animal Bone
28841,Household Vessel
28844,Nails Other
28891,household vessel
28911,Household Vessel
28913,Buildings
28914,Fittings Nails
28916,"Buildings, Tesserae"
28921,Household Vessel
28923,Miscellaneous
28924,Metal-working
28928,Animal Bone
28951,Household Vessel
28953,Buildings
28954,Fittings Nails
28958,Animal Bone
28961,Household Vessel
28964,Metal-working
28966,"Buildings, Tessera"
28968,Animal Bone
28981,Household Vessel
28988,Animal Bone
30151,Household Vessel
30154,Fittings Nail
30158,Animal Bone
30160,Miscellaneous
30211,Household Vessel
30214,Fittings Nail
30215,Household
30218,Animal Bone
30331,Household Vessel
30333,Buildings
30334,Metal-working
30335,Household
30338,Animal Bone
30340,Miscellaneous
31011,Household Vessel
31014,Metalworking
31018,Animal Bone
31020,Miscellaneous
31031,Household Vessel
31034,Fittings Nail
31035,Household Vessel
31037,unworked stone
31038,Animal Bone
31051,Household Vessel
31081,Household Vessel
31091,Household Vessel
31098,Animal Bone
31111,Household Vessel
31113,Buildings
31121,Household Vessel
31128,Animal Bone
31130,Miscellaneous
31131,Household Vessel
31134,Fittings Nail
31138,Animal Bone
31191,Household Vessel
31193,Miscellaneous
31194,Fittings Nail
31198,Animal Bone
31200,Other natural
31221,Household Vessel
31224,Fittings Nail
31226,Buildings Tessera
31231,Household Vessel
31234,Fittings Nail
31331,Household Vessel
31334,Metal-working
31336,Buildings Tessera
31338,Miscellaneous
31341,Household Vessel
31344,Fittings Nail
31345,Household
31346,Buildings Tessera
31350,Miscellaneous
31479,Miscellaneous Fragment
31491,Household Vessel
31541,Household Vessel
31544,Fittings Nail
31548,Miscellaneous
2012,Fitting Shank
2013,Household Vessel
2022,Samian Stamp
2025,Household Quernstone
2039,Household Vessel
2040,Miscellaneous Strip
2042,Household Quernstone
2079,Toilet Set
2080,Miscellaneous  Strip
2123,Samian Stamp
2130,Miscellaneous Object
2136,Jewellery Bead
2155,Jewellery Brooch
2166,Agricultural Goad
2169,Recreation Counter
2170,Miscellaneous Object
2173,Bone-working
2179,Miscellaneous Object
2190,Household Vessel
2193,Recreation Counter
2194,Samian Stamp
2197,Metal-working Coin Miscasting
2198,Miscellaneous Chain
2202,Samian Stamp
2204,Household
2205,Household Box Fitting
2206,Samian Stamp
2207,Samian Stamp
2211,Household Flesh-hook
2212,Recreation Counter
2213,Miscellaneous Fragment
2214,Miscellaneous Strip
2217,Miscellaneous Shank?
2219,Household Vessel
2220,Miscellaneous Object
2225,Jewellery Brooch
2228,Miscellaneous Setting?
2233,Miscellaneous Sphere
2235,Metal-working Bar
2237,Miscellaneous Sheet
2249,Jewellery Earring
2257,Jewellery Earring
2258,Miscellaneous Object
2261,Textile Spindlewhorl
2263,Miscellaneous Nail
2264,Miscellaneous Sheet
2269,Jewellery Bow Brooch
2271,Samian Stamp
2277,Miscellaneous Sheet
2284,Household Vessel
2289,Fitting Binding
2304,Fitting Nail
2313,Recreation Counter
2315,Dress accessory Strap-tag
2316,Miscellaneous Fragment
2317,Miscellaneous Fragment
2319,Household Vessel
2324,Miscellaneous Fragment
2325,Miscellaneous Object
2331,Miscellaneous Sheet Fragments
2332,Miscellaneous Object
2343,Tools Knife
2344,Fittings Stud
2348,Recreation Counter
2353,Miscellaneous Fragments
2355,Dress Belt-plate
2368,Fitting Nail
2371,Buildings
2377,Household Vessel
2378,Metal-working Debris
2380,Miscellaneous Fragment
2382,Fitting Nail
2389,Miscellaneous Sheet Fragment
2391,Textile Needle
2393,Metal-working Debris
2402,Miscellaneous Fragment
2421,Household Candlestick
2422,Toilet Tweezers
2426,Fittings Stud
2437,Textile Spindlewhorl
2438,Miscellaneous Strip
2447,Miscellaneous Strip
2452,Fitting Nail
2453,Miscellaneous Strip
2454,Fitting Pin/Peg
2455,Miscellaneous Fragment
2466,Buildings Wall Plaster
2486,Jewellery Brooch Fragment
2501,Jewellery Brooch Fragment
2487,Jewellery Hairpin Fragment
2484,Toilet Nail-Cleaner
2508,Transport Hipposandal
2477,Textile Needle
2490,Metal-working Tools
2535,Jewellery Finger-ring
2547,Fittings Stud
2548,Miscellaneous Disc
2549,Household Vessel
2552,Miscellaneous Fragment
2553,Miscellaneous Object
2554,Miscellaneous Sheet
2556,Samian Stamp
2560,Tools Drill
2563,Miscellaneous Sheet
2568,Fittings
2573,Miscellaneous Fragment
2574,Miscellaneous Fragment
2575,Miscellaneous Fragment
2576,Toilet Spoon
2579,Fittings Key
2587,Samian Stamp
2589,Jewellery Brooch
2595,Recreation Counter
2598,Recreation Counter
2613,Miscellaneous Shaft
2614,Miscellaneous Fragment
2615,Coin Legible
2617,Recreation Counter
2634,Dress Buckle
2635,Jewellery Bead
2639,Jewellery Brooch
2642,Jewellery Hairpin
2650,Miscellaneous Ring
2655,Fitting Strap-fitting
2658,Household Vessel
2659,Fitting Key
2660,Fittings Wall-hook
2686,Samian Stamp
2689,Miscellaneous Fragment
2691,Samian Stamp
2692,Miscellaneous Strip
2713,Miscellaneous Fitting
2721,Miscellaneous Sheet
2727,Fitting  Fragment
2740,Coin Legible
2745,Jewellery Ring Fragment
2747,Fitting Fragment
2752,Jewellery Brooch?
2754,Recreation Counter
2756,Jewellery Brooch
2760,Jewellery Brooch Fragment
2763,Miscellaneous Fragments
2766,Dress Hobnails
2767,Household Spoon
2772,Fitting Tack
2773,Samian Stamp
2776,Househol Handle / Fitting
2783,?Metal-working Fragment
2785,Miscellaneous Ring
2786,Jewellery Brooch
2793,Toilet Nail-cleaner
2795,Miscellaneous Fitting
2796,Jewellery Bead
2801,Transport Hipposandal
2805,Miscellaneous Shaft
2806,Fittings Cleat
2815,Dress Accessory Buckle Fragment
2824,Fitting Boss
2825,Samian Stamp
2828,Fitting Binding
2829,Buildings Tessera
2831,Writing Stylus
2832,Miscellaneous Object
2846,Coin Illegible
2856,Dress Accessory Fragment
2859,Miscellaneous Disc
2860,Jewellery Hairpin
2866,Miscellaneous Shaft Fragment
2877,Jewellery Brooch
2882,Miscellaneous Ring
2883,Samian Stamp
827,Miscellaneous Sheet Fragment
30321,Household Vessel
30323,Miscellaneous
30324,Metal-working
30325,Household
30326,Buildings Tessera
30328,Animal Bone
30329,Buildings
30330,Miscellaneous
30941,Household Vessel
30944,Fittings Nail
30951,Household Vessel
30953,Buildings Tessera
30594,Fittings Nail
30955,Household
30956,"Buildings, Tessera"
30958,Animal Bone
30971,Household Vessel
30973,Buildings Tessera
30974,Metal-working
30975,HOUSEHOLD
30976,Buildings Tessera
30978,Animal Bone
30980,Miscellaneous
31241,HOUSEHOLD VESSEL
31243,Buildings
31244,Fittings Nail
31333,Miscellaneous
31340,Miscellaneous
31368,Animal Bone
31371,Household Vessel
31391,Household Vessel
31394,Fittings Nail
31398,Animal Bone
31493,Buildings
31531,Household Vessel
31533,Buildings
31534,FITTINGS NAIL
31538,Miscellaneous
31540,Miscellaneous
31551,Household Vessel
31554,Miscellaneous
31591,Household Vessel
31594,Fittings Nail
31641,Household Vessel
31644,Fittings Nail
31645,Household
31647,Miscellaneous
31648,Animal Bone
31691,Household Vessel
31694,Fittings Nail
31695,Household Vessel
31698,Animal Bone
31741,Household Vessel
31744,Fittings Nail
31745,Household Vessel
31747,unworked stone
31748,Animal Bone
31781,Household Vessel
31783,Buildings
31784,Fittings Nail
31786,Miscellaneous
31791,Household Vessel
31793,Buildings
31794,Fittings Nail
31800,Miscellaneous
31831,Household Vessel
31838,Animal Bone
31839,Buildings
31841,Household Vessel
31844,Fittings Nail
31848,Animal Bone
31861,Household Vessel
31868,Animal Bone
31881,Household Vessel
31888,Animal Bone
31981,Household Vessels
31984,Fittings Nail
31985,Household
31986,Miscellaneous
31988,Animal Bone
32011,Household Vessel
32014,Fittings Nail
32015,Household
32051,Household Vessel
32053,Buildings Tessera
32055,Miscellaneous
32071,Household Vessel
32073,Building
32074,Fittings Nail
32078,Animal Bone
32080,Miscellaneous
32091,Household Vessel
32093,Building
32094,Metal-working
32096,Buildings Tessera
32097,Miscellaneous
32098,Animal Bone
32321,Household Vessel
32324,Metal-working
32325,Household
32326,Buildings Tessera
32328,Animal Bone
32329,Man Made
32511,Household Vessel
32513,Buildings Tessera
32514,Fittings Nail
32515,Household
32516,"Buildings, Tessera"
32518,Animal Bone
33001,Household Vessel
33471,Household Vessel
33474,Metal-working
33478,Animal Bone
34011,Household Vessel
34051,Household Vessel
34054,Fittings Nail
34058,Animal Bone
34081,Household Vessel
34088,Household Vessel
34461,Household Vessel
34464,Fittings Nail
34468,Animal Bone
34651,Household Vessel
34658,Animal Bone
34731,Household Vessel
34738,Animal Bone
34791,Household Vessel
34794,Fittings Nail
34798,Miscellaneous
34799,Building
34891,Household Vessel
34894,Metalworking
34895,Household
34898,Miscellaneous
34901,Household Vessel
34904,Fittings Nail
34908,Miscellaneous
34941,Household Vessel
34944,Metalworking
34945,Household
34946,Buildings Tessera
34948,Miscellaneous
34949,Buildings
34950,Miscellaneous
34991,Household Vessel
34993,Buildings Tessera
34998,Miscellaneous
35101,Household Vessel
35104,Fittings Nail
35108,Miscellaneous
35151,Household Vessel
35157,Miscellaneous
35711,Household Vessel
35715,Household
35720,Miscellaneous
35851,Household Vessel
35861,Household Vessel
35864,Fittings Nails
35868,Miscellaneous
35951,Household Vessel
35959,Miscellaneous Object
36011,Household Vessel
36013,Buildings Tessera
36014,Fittings Nail
36018,Miscellaneous
36171,Household Vessel
36179,Buildings
2924,Recreation Counter
2928,Miscellaneous Strip
2942,Toilet Toilet Set
2949,Writing Stylus
2952,Samian Stamp
2953,Miscellaneous Strip
2957,Miscellaneous Ring
2959,Household Lighting
2961,Toilet Toilet Set
2926,Coin Illegible
2958,Household Vessel
2964,Metal-working Debris
2965,Miscellaneous Fitting
2967,Buildings Wall Plaster
2974,Vessel Stamp
2975,Fitting Boss
2977,Dress Hobnails
2980,Miscellaneous Object
2983,Miscellaneous Sheet
2984,Fitting Nail
2985,Jewellery Brooch
2995,Household Quernstone
2998,Miscellaneous Strip
2999,Miscellaneous Sheet
3001,Recreation Counter
3002,Transport Terret
3005,Household Vessel
3006,Miscellaneous Object
3008,Miscellaneous Sheet
3011,Miscellaneous Fragment
3017,Miscellaneous Sheet
3018,Jewellery Bead
3021,Textile Needle
3022,Toilet/medical Mirror
3024,Fittings
3025,Textile Needle
3029,Miscellaneous Strips
3031,Miscellanaous Strip
3037,Household Lighting Lamp/candlestick
3040,Miscellaneous Object
3042,Fitting Nail
3044,Jewellery Brooch
3048,Fitting Bar
3049,Jewellery Brooch
3050,Fittings
3055,Jewellery
3068,Miscellaneous Fragment
3069,Miscellaneous Fragment
3075,Jewellery Hairpin
3076,Jewellery Hairpin
3077,Miscellaneous Sheet
3079,Samian Stamp
3082,Fitting Nail
3083,Miscellaneous Strip
3084,Jewellery Brooch
3085,Jewellery Armlet
3086,Miscellaneous Sheet
3094,Miscellaneous ?sherd
3095,Household Vessel
3096,Household Vessel
3098,Toilet Tweezers
3110,Coin Illegible
3112,Fitting Boss
3113,Fittings Nail
3131,Household
3133,Jewellery Brooch
3140,Tool Trowel
3142,Miscellaneous Strip
3145,Dress Hobnails
3154,Fitting Binding?
3155,Toilet Spoon
3156,Recreation Counter
3164,Samian Stamp
3165,Fitting Hinge
3167,Recreation Counter
3169,Miscellaneous Sheet
3170,Textile Spindlewhorl
3173,Miscellaneous Sheet
3175,Samian Stamp
3177,Household Vessel
3179,Fitting Nail
3219,Household Quernstone
3220,Household Quernstone
3229,Household Quernstone
3230,Recreation Counter
3253,Household Quernstone
3256,Jewellery Brooch
3260,Miscellaneous ?peg
3264,Miscellaneous Sheet
36501,Household Vessel
36505,Household Vessel
36508,Animal Bone
36511,Household Vessel
5154,Fittings Nail
5188,Animal Bone
5241,Household Vessel
5245,Household Vessel
5248,Miscellaneous
6504,Fittings Nail
6525,Household Vessel
6578,Animal Bone
6581,Household Vessel
6588,Animal Bone
6601,Household Vessel
6604,Fittings Nail
6608,Animal Bone
6621,Household Vessel
6631,Household Vessel
6634,Fittings Nail
6638,Animal Bone
6641,Household Vessel
6643,Buildings Tessera
6644,Fittings Nail
6648,Animal Bone
10831,Household Vessel
10834,Fittings Nail
10838,Animal Bone
12151,Household Vessel
12154,Fittings Nail
12461,Household Vessel
12464,Fittings Nail
12468,Animal Bone
12469,Buildings
13461,Household Vessel
13464,Fittings Nail
13468,Animal Bone
15041,Household Vessel
15044,Fittings Nail
15221,Household Vessel
15224,Fittings Nail
15228,Animal Bone
15235,Household Vessel
15237,Household Quernstone
15238,Animal Bone
15831,Household Vessel
15838,Animal Bone
16241,Household Vessel
16244,Fittings Nail
16251,Household Vessel
16254,Fittings Nail
16258,Animal Bone
26781,Household Vessel
26783,Buildings
26784,Metal-working
26785,Household Vessel
26788,Animal Bone
27214,Fittings Nail
27217,Miscellaneous
27218,Animal Bone
27601,Household Vessel
27608,Animal Bone
27631,Household Vessel
27634,Fittings Nail
27821,Household Vessel
27828,Animal Bone
28135,Household Vessel
28698,Animal Bone
28700,Miscellaneous
28754,Fittings Nail
28755,Household Vessel
28758,Animal Bone
28791,Household Vessel
28794,Fittings Nail
28901,Household Vessel
28904,Fittings Nail
28906,"Buildings, Tessera"
28908,Animal Bone
28963,Buildings
28965,Household Vessel
28967,unworked
28970,Other Natural
31611,Household Vessel
31614,Fittings Nail
31788,Animal Bone
31790,Miscellaneous
31801,Household Vessel
31804,Fittings Nail
31808,Animal Bone
36513,Buildings Tessera
36514,Fittings Nail
36515,Household
36518,Animal Bone
36521,Household Vessel
36523,Buildings
36524,Fittings Nail
36525,Household
36526,Buildings Tessera
36528,Animal Bone
36531,Household Vessel
36534,Fittings Nail
36538,Animal Bone
36671,Household Vessel
36674,Fittings Nail
36678,Animal Bone
36691,Household Vessel
36694,Fittings Nail
36701,Household Vessel
36704,Fittings Nail
36705,Household
36706,Miscellaneous
36708,Animal Bone
36709,Miscellaneous Fragment
36710,Other natural
36741,Household Vessel
36745,Household
36748,Animal Bone
36791,Household Vessel
36793,Buildings
36794,Fittings Nail
36798,Animal Bone
36800,Miscellaneous
36841,Household Vessel
36861,Household Vessel
36863,Buildings Tessera
36864,Fittings Nail
36868,Animal Bone
36881,Household Vessel
36884,Fittings Nail
36885,Household
36888,Animal Bone
36890,Miscellaneous
36891,Household Vessel
36911,Household Vessel
36914,Fittings Nail
36918,Animal Bone
36971,Household Vessel
36973,Dress Hobnails
36981,Household Vessel
37111,Household Vessel
37116,Buildings Tessera
37151,Household Vessel
3288,Miscellaneous Fitting
3292,Fitting Nail
3295,recreation counter
3297,Buiding Veneer
3309,Tools Knife
3320,household vessel
3338,Samian Stamp
3340,Samian Stamp
3343,Household Vessel
3361,tools knife
3363,Writing Stylus
3365,Fittings Stud
3379,Fittings Nail
3381,Jewellry Armlet
3382,Fittings Nail
3384,Jewellery Hairpin
3385,Samian Stamp
3393,Miscellaneous Strip
3397,fittings nail
3409,Fittings Nail
3418,Fittings Nail
3439,Fittings Nail
3449,fittings nail
3457,fittings nail
3482,Fittings Boss
3484,Toilet Tweezers
3485,Miscellaneous Strip
3486,household vessel
3493,Jewellery Bead
3495,Miscellaneous ?Stud
3496,Miscellaneous ?fitting
3499,household vessel
3500,Fitting Nail
3502,fittings nail
3506,Miscellaneous Ring
3512,Fittings Stud
3513,household vessel
3515,Recreation Counter
3521,Household Vessel
3524,Samian Stamp
3528,Fittings Nail
3541,fittings nail
3543,Miscellaneous Wire
3554,Samian Stamp
3581,Recreation Counter
3593,Fittings Binding
3601,Recreation Gaming Counter
3602,Fitting Nail
3616,Fittings Nail
3628,Recreation Counter?
3635,Fitting Nail
3648,Miscellaneous Wire
3653,Fitting Nail
3655,Miscellaneous Sheet
3667,Dress Hobnail
3670,samian stamp
3679,Jewellery Brooch
3682,Fittings Nail
3691,fittings nail
3696,samian stamp
3697,Miscellaneous Sheet
3717,Tool Knife
3729,Household Vessel
3740,Transport Horse Fittings
3758,Jewellery Brooch
3764,Metal-working? Waste
3766,Miscellaneous Sheet
3777,Coin
3778,Household Key
3779,Fitting Nail
3783,Jewellery Brooch
3790,Miscellaneous Sheet
3793,Fitting Nails
3795,Fitting Nail
3796,Fitting Nail
3812,Jewellery Armlet
3815,Jewellery  Brooch
3817,Buildings
3827,Dress Hobnail
3829,Metal-working? Waste
3831,Miscellaneous Object
3836,Coin Illegible
3843,Fitting Nail
3854,Fitting Nail
3855,Fragments
3875,Recreation Counter
3879,Miscellaneous Sheet
3880,Medical Scapel/blunt Dissector
3883,Household Vessel
3890,Miscellaneous Shaft
3908,Jewellery Bead
3913,Jewellery Brooch
3919,Miscellaneous Sheet
3922,Miscellaneous Terminal
3925,Fitting Nail
3928,Writing Stylus
3932,Fitting Stud
3933,Jewellery Brooch
3939,Building
3946,Transport Button-and-loop Fastener
3948,Fitting Nail?
3953,Toilet Nail-cleaner
3962,Jewellery
3963,Household Vessel
3964,Jewellery Bead
3967,Household Vessel
3968,Household Vessel
3969,Household Vessel
3975,Jewellery Brooch
3976,Fittings Nail
3978,Fragments
3981,Fitting Ring-headed Pin
3985,Coin
3999,Fitting Nail
4003,Jewellery Brooch
4017,Household Vessel
4018,Miscellaneous Strip
4019,Household Vessel
36301,Household Vessel
36308,Animal Bone
37431,Household Vessel
37438,Animal Bone
3129,Coin Legible
2963,Coin Illegible
2990,Coin Legible
38541,Household Vessel
38544,Fittings Nail
38851,Household Vessel
38854,Fittings Nail
38861,Household Vessel
38864,Fittings Nail
38868,Animal Bone
38870,Miscellaneous
39091,Household Vessel
39521,Household Vessel
39528,Animal Bone
39531,Household Vessel
39541,Household Vessel
39544,Fittings Nail
39545,Household
39546,Buildings Tessera
39548,Animal Bone
39811,Household Vessel
39818,Animal Bone
39941,Household Vessel
39944,Fittings Nail
40511,Household Vessel
40521,Household Vessel
40524,Fittings Nail
40525,Household
40528,Animal Bone
40561,Household Vessel
40565,Household
40571,Household Vessel
40591,Household Vessel
40598,Animal Bone
40601,Household Vessel
40604,Fittings Nail
40605,Household
40608,Animal Bone
40611,Household Vessel
40614,Fittings Nail
40615,Household
40631,Household Vessel
40634,Fittings Nail
40641,Household Vessel
40644,Fittings Nail
40671,Household Vessel
40674,Fittings Nail
40678,Animal Bone
40761,Household Vessel
40764,Fittings Nail
40768,Animal Bone
40771,Household Vessel
40774,Fittings Nail
40781,Household Vessel
40784,Fittings Nail
40788,Animal Bone
40791,Household Vessel
40798,Animal Bone
40831,Household Vessel
40838,Animal Bone
40844,Fittings Nail
40841,Household Vessel
40848,Animal Bone
40850,Miscellaneous
40881,Household Vessel
40885,Miscellaneous
40886,Miscellaneous
40888,Animal Bone
40891,Household
40921,Household Vessel
40924,Fittings Nail
40927,Miscellaneous
40928,Animal Bone
40938,Animal Bone
40941,Household Vessel
40944,Fittings Nail
40948,Animal Bone
40950,Miscellaneous
40981,Household Vessel
40985,Household
40991,Household Vessel
40994,Fittings Nail
41011,Household Vessel
41017,Miscellaneous
41021,Household Vessel
41054,Fittings Nail
41061,Household Vessel
41068,Animal Bone
41121,Household Vessel
41124,Fittings Nail
41128,Animal Bone
41131,Household Vessel
41138,Animal Bone
41161,Household Vessel
41168,Animal Bone
44201,Household Vessel
44204,Fittings Nail
44205,Household
41371,Household Vessel
41378,Animal Bone
41461,Household Vessel
41468,Animal Bone
41561,Household Vessel
41571,Household Vessel
41721,Household Vessel
41724,Fittings Nail
41728,Animal Bone
41731,Household Vessel
41791,Household Vessel
41798,Animal Bone
41821,Household Vessel
41824,Fittings Nail
42251,Household Vessel
42254,Fittings Nail
42255,Household
42258,Animal Bone
42581,Household Vessel
42583,Miscellaneous
42584,Fittings Nail
42585,Household
42588,Animal Bone
42711,Household Vessel
42714,Fittings Nail
42721,Household Vessel
42728,Animal Bone
42741,Household Vessel
42744,Fittings Nail
42748,Animal Bone
42749,Buildings
42781,Household Vessel
42811,Household Vessel
42814,Fittings Nail
42818,Animal Bone
43061,Household Vessel
43065,Household
43068,Animal Bone
43111,Household Vessel
43114,Fittings Nail
43118,Animal Bone
43120,Miscellaneous
43181,Household Vessel
43188,Animal Bone
43211,Household Vessel
43581,Household Vessel
43701,Household Vessel
43705,Household
32041,Household Vessel
32044,Fittings Nail
32048,Animal Bone
33021,Household Vessel
33023,Miscellaneous
33024,Fittings Nail
33025,Household
33041,Household Vessel
33043,Miscellaneous
33044,Fittings Nail
33045,Household
33048,Animal Bone
33121,Household Vessel
33123,Miscellaneous
33124,Fittings Nail
33126,Miscellaneous
33128,Animal Bone
33475,Household
34734,Fittings Nail
35015,Household
35154,Fittings Nail
35794,Fittings Nail
35991,Household Vessel
35998,Animal Bone
36111,Household Vessel
36113,Buildings
36114,Metal-working
36115,Household
36116,Buildings Tessera
36118,Animal Bone
36121,Household Vessel
36123,Buildings Tessera
36124,Fittings Nail
36125,Household
36128,Animal Bone
36178,Animal Bone
36211,Household Vessel
36214,Fittings Nail
36231,Household Vessel
36234,Fittings Nail
36238,Animal Bone
36281,Household Vessel
36284,Fittings Nail
36288,Animal Bone
36290,Miscellaneous
36303,Fittings Nail
36305,Household
36310,Other Natural
37221,Household Vessel
37224,Fittings Nail
37228,Animal Bone
37251,Household Vessel
37254,Fittings Nail
37255,Household Vessel
37258,Animal Bone
28969,Buildings Wall Plaster
39098,Animal Bone
15834,Fittings Nail
15837,Animal
27578,Animal Bone
27844,fittings nail
27848,Animal Bone
27974,metal-working
27978,Animal Bone
28854,fittings nail
28855,household
28858,Animal Bone
28859,Other Man-made
31015,Household
31195,Glass
31197,Unworked stone
31595,Household
31598,Animal Bone
32007,Unworked stone
32008,Animal Bone
35078,Animal Bone
35807,Unworked stone
35808,Animal Bone
35814,fittings nail
35815,Household
36703,Ceramic Retained
37128,Animal Bone
39008,Animal Bone
39010,Other natural
39094,fittings nail
39099,Metal-working
39100,Other natural
39238,Animal Bone
39244,fittings nail
39248,Animal Bone
39308,Animal Bone
39441,Household Vessel
39451,Household Vessel
39458,Animal Bone
40811,Household Vessel
40818,Animal Bone
40971,Household Vessel
40975,Household Vessel
40980,Other Natural
41361,Household Vessel
41364,Fittings Nail
41368,Animal Bone
41464,Fittings Nail
41491,Household Vessel
41497,Miscellaneous
41499,Metalworking
41568,Animal Bone
41564,Fittings Nail
41794,Fittings Nail
42371,Household Vessel
42723,Buildings Tessera
42724,Fittings Nail
42726,Buildings Tessera
42730,Other Natural
43541,Household Vessel
43545,Household Vessel
43548,Animal Bone
47314,Fittings Nail
47658,Animal Bone
47751,Household Vessel
47754,Fittings Nail
47755,Household Vessel
47758,Animal Bone
47760,Other Natural
47981,Household Vessel
48051,Household Vessel
48054,Fittings Nail
48055,Household Vessel
48058,Animal Bone
48059,Other Man-made
48060,Other Natural
48071,Household Vessel
48074,Fittings Nail
48075,Household Vessel
48131,Household Vessel
48134,Fittings Nail
48135,Household Vessel
48138,Animal Bone
48140,Other Natural
48321,Household Vessel
48325,Household Vessel
48328,Animal Bone
48329,Buildings
48351,Household Vessel
48354,Fittings Nail
48355,Household Vessel
48357,Miscellaneous
48358,Animal Bone
48360,Other Natural
48401,Household Vessel
48404,Fittings Nail
48408,Animal Bone
48409,Buildings
48601,Household Vessel
48604,Fittings Nail
48605,Household Vessel
48608,Animal Bone
49011,Household Vessel
49013,Buildings
49014,Fittings Nail
49015,Household Vessel
49018,Animal Bone
49020,Other Natural
49121,Household Vessel
49124,Fittings Nail
49125,Household Vessel
49130,Other Natural
49151,Household Vessel
49154,Fittings Nail
49158,Animal Bone
49211,Household Vessel
49231,Household Vessel
49234,Fittings Nail
49235,Household Vessel
49271,Household Vessel
49274,Fittings Nail
49278,Animal Bone
49281,Household Vessel
49284,Fittings Nail
49288,Animal Bone
49290,Other Natural
49321,Household Vessel
49421,Household Vessel
49424,Fittings Nail
49428,Animal Bone
49611,Household Vessel
49618,Animal Bone
49851,Household Vessel
49854,Fittings Nail
49858,Animal Bone
49861,Household Vessel
49868,Animal Bone
50161,Household Vessel
50199,Buildings
50258,Animal Bone
50301,Household Vessel
50304,Fittings Nail
50511,Household Vessel
50631,Household Vessel
4023,Household Vessel
4027,Jewellery Bead
4028,Miscellaneous Sheet
4031,Fitting Hinge
4036,Miscellaneous Strip
4039,Writing Stylus
4041,Samian
4043,Metal-working? Waste
4044,Jewellery Bow Brooch
4045,Jewellery Brooch
4046,Coin Legible
4053,Miscelllaneous Fitting
4054,Human Remains
4057,Hobnails
4058,Miscellaneous Fitting
4060,Fitting Nails
4061,Miscellaneous Sheet
4062,Jewellery Bead
4064,Samian Stamp
4065,Jewellery Brooch
4069,Samian Stamp
4071,Fittings Nails
4077,Coin Illegible
4082,Fitting Nail
4085,Household Vessel Stamp
4086,Tools
4089,Jewellery Brooch
4094,Fittings Nails
4095,Miscellaneous Shaft
4096,Household Vessel
53041,Vessel
53048,Animal Bone
53181,Household Vessel
53183,Buildings
53251,Household Vessel
53421,Household Vessel
53431,Household Vessel
53461,Household Vessel
53468,Animal Bone
53581,Household Vessel
53583,Building
53584,Fitting Nails
53585,Household Vessel
53587,Unworked Stone
53588,Animal Bone
53589,Other Man Made
53590,Other Natural
43619,Building
53701,Household Vessel
53703,Building
53704,Miscellaneous
53705,Household Vessel
53708,Animal Bone
53709,Other Man Made
53710,Other Natural
53721,Household Vessel
53723,Buildings
53724,Fittings Nails
53725,Household Vessel
53728,Animal Bone
53729,Buildings
53730,Other Natural
53808,Animal Bone
53809,Buildings
53891,Household Vessel
53895,Household Vessel
53898,Animal Bone
54161,Household Vessel
54181,Household Vessel
54184,Fittings Nails
54185,Household Vessel
54188,Animal Bone
54331,Household Vessel
54334,Fittings Nails
54338,Animal Bone
54339,Buildings
54551,Household Vessel
54554,Fittings Nails
55281,Household Vessel
55284,Fittings Nail
55285,Household Vessel
55308,Animal Bone
50851,Household Vessel
50854,Metal Working
50855,Household Vessel
50858,Animal Bone
50861,Household Vessel
50864,Fittings Nails
50865,Household Vessel
50868,Animal Bone
50894,Miscellaneous
50898,Animal Bone
50899,Other Man Made
52681,Household Vessel
52688,Animal Bone
52701,Household Vessel
52704,Fittings Nails
52705,Household Vessel
52708,Animal Bone
52709,Other Man Made
52771,Household Vessel
52774,Fittings Nails
52778,Animal Bone
52841,Household Vessel
52848,Animal Bone
52851,Household Vessel
52855,Household Vessel
52861,Household Vessel
52864,Fittings Nails
52868,Animal Bone
52951,Household Vessel
52958,Animal Bone
52959,Buildings
52974,Fittings Nails
52978,Animal Bone
52979,Buildings
55511,Household Vessel
55561,Household Vessel
55563,Ceramic Retained
55564,Metal Working
55568,Animal Bone
55604,Household Vessel
55611,Household Vessel
55614,Fittings Nails
55624,Miscellaneous
55628,Animal Bone
55629,Other Man Made
55631,Household Vessel
55638,Animal Bone
55741,Household Vessel
55748,Animal Bone
55771,Household Vessel
55778,Animal Bone
55831,Household Vessel
55838,Animal Bone
55839,Building
55841,Household Vessel
55846,Buildings
55848,Animal Bone
55851,Household Vessel
55911,Household Vessel
55921,Household Vessel
55931,Household Vessel
55934,Fitting Nails
55935,Household Vessel
55938,Animal Bone
55981,Household Vessel
56091,Household Vessel
56098,Animal Bone
56171,Household Vessel
56178,Animal Bone
56271,Household Vessel
56278,Animal Bone
56301,Household Vessel
56304,Fittings Nails
56308,Animal Bone
56311,Household Vessel
56318,Animal Bone
56319,Buildings
56351,Household Vessel
56354,Fittings Nails
56355,Household Vessel
56358,Animal Bone
56461,Household Vessel
56464,Fittings Nails
56491,Household Vessel
56481,Household Vessel
56483,Miscellaneous
56484,Miscellaneous
56489,Other Man Made
56493,Miscellaneous
56494,Miscellaneous
56498,Animal Bone
56499,Other Man Made
59541,Household Vessel
59544,Fittings Nails
59548,Animal Bone
59611,Household Vessel
59615,Household Vessel
59616,"Buildings, Tesserae"
59621,Household Vessel
59624,Fittings Nails
59628,Animal Bone
59671,Household Vessel
59674,Fittings Nails
59675,Household Vessel
59678,Animal Bone
59679,Buildings
59741,Household Vessel
59744,Fittings Nails
59748,Animal Bone
59761,Household Vessel
59764,Fittings Nails
59768,Animal Bone
59831,Household Vessel
59839,Buildings
59881,Household Vessel
59884,Fittings Nails
59888,Animal Bone
59951,Household Vessel
59954,Fittings Nail
59958,Animal Bone
59961,Household Vessel
59964,Fitting Nails
59965,Household Vessel
60071,Household Vessel
60074,Fittings Nails
60078,Animal Bone
60091,Household Vessel
60098,Animal Bone
60151,Household Vessel
60154,Fittings Nails
60158,Animal Bone
60191,Household Vessel
60194,Fittings Nails
60195,Household Vessel
60198,Animal Bone
60201,Household Vessel
60208,Animal Bone
60588,Animal Bone
60601,Household Vessel
60758,Animal Bone
60851,Household Vessel
60901,Household Vessel
60908,Animal Bone
60931,Household Vessel
60933,Miscellaneous
60934,Miscellaneous
60938,Animal Bone
60939,Other Man Made
60940,Other Natural
60941,Household Vessel
60948,Animal Bone
60951,Household Vessel
60954,Fittings Nails
60958,Animal Bone
60961,Household Vessel
60964,Fittings Nails
60968,Animal Bone
60969,Other Man Made
60970,Other Natural
61061,Household Vessel
61064,Fittings Nails
61071,Household Vessel
61074,Fittings Nails
61184,Miscellaneous
61189,Other Man Made
61234,Miscellaneous
61238,Animal Bone
61239,Other Man Made
61371,Household Vessel
61373,Miscellaneous
61374,Miscellaneous
61378,Animal Bone
61379,Other Man Made
61451,Household Vessel
61454,Fittings Nails
61458,Animal Bone
53611,Household Vessel
53618,Animal Bone
53619,Buildings
4108,Household Vessel
3654,Fittings Nails
3748,Fittings Nails
3799,Fittings Nails
3467,Fittings Nails
3848,Fittings Nails
3483,Fittings Nails
3874,Fittings Nails
3889,Fittings Nails
3958,Fittings Nails
3987,Fittings Nails
4093,Fittings Nails
49111,Household Vessel
49471,Household Vessel
49474,Fittings Nails
49475,Household Vessel
49478,Animal Bone
49480,Other Natural
49654,Fittings Nails
49691,Household Vessel
49791,Household Vessel
49798,Animal Bone
49864,Fittings Nails
49974,Fittings Nails
49991,Household Vessel
49994,Fittings Nails
49998,Animal Bone
50561,Household Vessel
50564,Fittings Nails
50568,Animal Bone
12178,Animal Bone
12328,Animal Bone
14754,Fittings Nails
25338,Animal Bone
27604,Fittings Nails
27610,Other Natural
27635,Household Vessel
27638,Animal Bone
31311,Household Vessel
31313,Buildings
31314,Metalworking
31315,Household Vessel
31318,Animal Bone
31461,Household Vessel
31464,Metalworking
31465,Household Vessel
31468,Animal Bone
31610,Household Vessel
31618,Animal Bone
31619,Other Man Made
31651,Household Vessel
32045,Household Vessel
34021,Household Vessel
34028,Animal Bone
34029,Other Man Made
34251,Household Vessel
34254,Fittings Nails
34257,Miscellaneous
35011,Household Vessel
39191,Household Vessel
39201,Household Vessel
39204,Fittings Nails
39208,Animal Bone
39411,Household Vessel
39418,Animal Bone
39549,Other Man Made
39550,Other Natural
39591,Household Vessel
39593,Buildings
39594,Fittings Nails
39595,Household Vessel
39598,Animal Bone
40041,Household Vessel
40048,Animal Bone
40541,Household Vessel
40884,Fittings Nails
41351,Household Vessel
41358,Animal Bone
43191,Household Vessel
43194,Fittings Nails
43195,Household Vessel
43198,Animal Bone
43471,Household Vessel
43474,Fittings Nails
43478,Animal Bone
43481,Household Vessel
43488,Animal Bone
34618,Animal Bone
40548,Animal Bone
40544,Fittings Nails
40545,Household Vessel
40546,Building Tesserae
40550,Other Natural
34481,Household Vessel
34488,Animal Bone
41211,Household Vessel
41214,Fittings Nails
41218,Animal Bone
6611,Household Vessel
6617,Miscellaneous
6618,Animal Bone
4164,"Jewellery, Brooch"
4144,Miscellaneous Fragments
4148,Miscellaneous Fragment
4154,"Buildings, Wallplaster"
4158,"Buildings, Wallplaster"
4176,Miscellaneous Object
4177,"Fitting, Nails"
4180,"Coin, Illegible"
4183,"Tools, Blade"
4234,Building
4271,Miscellaneous Sheet
4280,Tool
4315,Fitting
4322,Household Vessel
4348,Miscellaneous Object
4357,Miscellaneous Shaft
4377,Miscellaneous Sheet Fragments
4419,"Jewellery, Brooch Spring"
4482,Miscellaneous Fragments
4499,"Jewellery, Melon Bead"
4516,"Coin, Legible"
6512,Tegula
34027,Unworked Stone
4565,Household Vessel
12181,Household vessel
12188,Animal Bone
12191,Household Vessel
12198,Animal Bone
28974,Iron Nails
31114,"Fittings, Nails"
31115,Glass
31120,"Other Natural, Charcoal"
31137,Unworked stone
31291,Household Vessel
31294,"Fittings, Nails"
39194,"Fitting, Nail"
39198,Animal Bone
41451,Household Vessel
41455,Household
48921,Household Vessel
48928,Animal Bone
49115,Household
49118,Animal bone
49863,Retained CBM
49870,Other Natural
53801,Household Vessel
53804,Metalworking
53806,"Buildings, Tesserae"
53810,"Other Natural, Charcoal"
55751,Household Vessel
55754,"Fittings, Nails"
55758,Animal Bone
55811,Household Vessel
55813,Retained CBM
55814,Miscellaneous
55818,Animal Bone
55820,Other Natural
59531,Household Vessel
59534,"Fittings, Nails"
59631,Household Vessel
59749,Other Man Made
59981,Household Vessel
59984,"Fittings, Nails"
59985,Household
59988,Animal Bone
60011,Household Vessel
60014,"Fittings, Nails"
60018,Animal Bone
60020,Other Natural
60081,Household Vessel
60084,Metalworking
60086,Worked Stone
60088,Animal Bone
60111,Household Vessel
60114,"Fittings, Nails"
60115,Household
60118,Animal Bone
60461,Household Vessel
60681,Household Vessel
60684,"Fittings, Nails"
60688,Animal Bone
60861,Household vessel
60864,"Fittings, Nails"
60868,Animal Bone
60981,Household Vessel
60988,Animal Bone
61021,Household Vessel
61028,Animal Bone
61161,Household Vessel
61168,Animal Bone
61169,Other Man Made
61281,Household Vessel
61284,"Fittings, Nails"
61288,Animal Bone
9886,"Buildings, Tesserae"
25426,"Buildings, Tesserae"
33476,"Buildings, Tesserae"
28132,Discarded CBM
31112,Discarded Cbm
39192,Discarded CBM
41462,Discarded CBM
