find_id,find_material
877,Iron
5161,POTTERY
5164,IRON
5168,Animal Bone
5170,NATURAL
6264,IRON
6401,POTTERY
6403,CERAMIC BUILDING MATERIAL
6404,IRON
6405,GLASS
6407,STONE
6408,Animal Bone
6410,CHARCOAL
7581,POTTERY
7584,IRON
7586,STONE
7587,STONE
7588,BONE
7771,POTTERY
7774,IRON
7775,GLASS
7778,BONE
7881,POTTERY
7883,CERAMIC BUILDING MATERIAL
7884,IRON
7885,GLASS
7887,STONE
7888,BONE
7890,CHARCOAL
6253,CERAMIC BUILDING MATERIAL
6261,POTTERY
7961,POTTERY
7963,CERAMIC BUILDING MATERIAL
7964,IRON
7965,GLASS
7966,STONE
6267,STONE
7967,STONE
7968,BONE
7970,SHELL
6291,POTTERY
6294,IRON
6297,STONE
6298,Animal Bone
551,Pottery
528,Iron
651,Copper Alloy
652,Copper Alloy
674,Iron
678,Copper Alloy
683,Bone
702,Lead
742,Copper Alloy
746,Copper Alloy
774,Copper Alloy
784,Iron
7231,POTTERY
7234,IRON
7235,GLASS
7238,BONE
7371,POTTERY
7373,CERAMIC BUILDING MATERIAL
7374,IRON
7375,GLASS
7376,STONE
7378,BONE
7401,POTTERY
7404,IRON
7408,BONE
7421,POTTERY
7424,IRON
7425,GLASS
7431,POTTERY
7433,CERAMIC BUILDING MATERIAL
7434,IRON
7435,GLASS
7436,STONE
7437,STONE
8951,POTTERY
8954,IRON
8958,Animal Bone
8621,POTTERY
8623,CERAMIC BUILDING MATERIAL
8624,IRON
8625,GLASS
8628,BONE
8971,POTTERY
8974,IRON
8975,GLASS
8977,STONE
8978,Animal Bone
9101,POTTERY
9103,CERAMIC BUILDING MATERIAL
9104,IRON
9105,GLASS
9107,STONE
8021,POTTERY
8024,IRON
830,Glass
8511,POTTERY
8513,CERAMIC BUILDING MATERIAL
8514,IRON
8515,GLASS
8518,BONE
8581,POTTERY
8585,GLASS
8588,Animal Bone
9571,POTTERY
9573,CBM
9574,IRON
9578,Animal Bone
9611,POTTERY
9614,IRON
9615,GLASS
903,Lead
904,Copper Alloy
789,Lead
798,Pottery
975,Copper Alloy
965,Pottery
966,Pottery
801,Copper Alloy
803,Copper Alloy
805,Copper Alloy Lead
806,Iron
807,Glass
810,Copper Alloy
814,Iron
838,Copper Alloy
854,Pottery
856,Pottery
880,Pottery
916,Pottery
930,Copper Alloy
945,Copper Alloy
948,Iron
951,Iron
962,Copper Alloy
963,Pottery
971,Copper Alloy
974,Pottery
979,Copper Alloy
983,Copper Alloy
1015,Iron
1078,Copper Alloy
1082,Stone
1110,Bone
1056,Iron
1061,Iron
1062,Shale
1063,Pottery
1069,Pottery
1118,Bone
1074,Natural
1077,Copper Alloy
1320,Pottery
16651,POTTERY
16654,IRON
16658,Animal Bone
1121,Iron
16901,POTTERY
16904,IRON
16907,STONE
17321,POTTERY
1138,Pottery
1286,Copper Alloy
1142,Pottery
1143,Ceramic
1158,Ceramic
1460,Iron
1461,Copper Alloy
17324,IRON
17325,GLASS
17326,STONE
17328,Animal Bone
17331,POTTERY
17334,IRON
17337,STONE
17981,POTTERY
17985,GLASS
1204,Copper Alloy
1214,Pottery
1476,Copper Alloy
17664,IRON
12565,GLASS
12567,STONE
12568,BONE
12570,NATURAL
12571,POTTERY
12573,CERAMIC BUILDING MATERIAL
12574,IRON
12576,STONE
12577,STONE
12578,Animal Bone
12580,CHARCOAL
12611,POTTERY
12613,CERAMIC BUILDING MATERIAL
12614,IRON
12615,GLASS
12617,STONE
12618,BONE
12620,CHARCOAL
12641,POTTERY
12644,IRON
12645,GLASS
12646,STONE
12681,POTTERY
12683,CERAMIC BUILDING MATERIAL
12684,IRON
12687,STONE
12688,Animal Bone
12690,CHARCOAL
12711,POTTERY
12713,CERAMIC BUILDING MATERIAL
12714,IRON
12718,Animal Bone
12721,POTTERY
12728,Animal Bone
12751,POTTERY
1231,Copper Alloy
1232,Copper Alloy
1489,Copper Alloy
12531,POTTERY
12534,IRON
12561,POTTERY
12563,CERAMIC BUILDING MATERIAL
12564,IRON
12755,GLASS
12758,Animal Bone
12760,CHARCOAL
12881,POTTERY
12883,CERAMIC BUILDING MATERIAL
12884,IRON
12885,GLASS
12886,STONE
12968,Animal Bone
13007,STONE
13321,POTTERY
13324,IRON
13327,STONE
13328,Animal Bone
12887,STONE
12888,Animal Bone
12890,CHARCOAL
12921,POTTERY
12924,IRON
12961,POTTERY
12963,CERAMIC BUILDING MATERIAL
12964,IRON
12965,GLASS
13081,POTTERY
13108,Animal Bone
1166,Ceramic
1175,Iron
1180,Glass
13831,POTTERY
13834,IRON
14007,STONE
14051,POTTERY
14054,IRON
14058,Animal Bone
14071,POTTERY
14074,IRON
13901,POTTERY
13934,IRON
13937,STONE
14001,POTTERY
14004,IRON
14141,POTTERY
14144,IRON
14147,STONE
14148,Animal Bone
14151,POTTERY
14154,IRON
14158,Animal Bone
14160,SHELL
14201,POTTERY
14078,Animal Bone
14204,IRON
14206,STONE
14221,POTTERY
14231,POTTERY
14234,IRON
14238,BONE
14261,POTTERY
14264,IRON
14268,Animal Bone
1246,Other
1247,Copper Alloy
14341,POTTERY
14344,IRON
14347,STONE
14348,Animal Bone
14481,POTTERY
14521,POTTERY
14524,IRON
14526,STONE
14541,POTTERY
14544,IRON
14753,CERAMIC BUILDING MATERIAL
14758,Animal Bone
14768,Animal Bone
1250,Copper Alloy
1254,Bone
1255,Copper Alloy
1257,Copper Alloy
1260,Glass
13441,POTTERY
13444,IRON
13448,BONE
13491,POTTERY
14861,POTTERY
14864,IRON
14866,STONE
14868,BONE
14891,POTTERY
14893,CERAMIC BUILDING MATERIAL
14894,IRON
14895,GLASS
14898,BONE
14900,SHELL
14751,POTTERY
15051,POTTERY
15054,IRON
15058,BONE
15068,Animal Bone
15091,POTTERY
15093,CERAMIC BUILDING MATERIAL
15094,IRON
15096,STONE
15291,POTTERY
15294,IRON
15298,BONE
15514,IRON
15518,Animal Bone
15518,Animal Bone
15519,PLASTER
15681,POTTERY
15688,Animal Bone
15691,POTTERY
15814,IRON
15817,STONE
16381,POTTERY
16384,IRON
16388,BONE
16431,POTTERY
13741,POTTERY
15421,POTTERY
15424,IRON
15425,GLASS
15426,STONE
15428,BONE
15621,POTTERY
15628,BONE
15641,POTTERY
15645,GLASS
16434,IRON
16437,STONE
16438,Animal Bone
10311,POTTERY
11641,POTTERY
11643,CERAMIC BUILDING MATERIAL
11644,IRON
11711,POTTERY
11713,CERAMIC BUILDING MATERIAL
11714,IRON
11718,BONE
11720,CHARCOAL
9654,IRON
9658,BONE
13648,Animal Bone
11791,POTTERY
11794,IRON
11798,Animal Bone
11871,POTTERY
11874,IRON
11877,STONE
11878,BONE
11888,Animal Bone
11881,POTTERY
9721,POTTERY
9724,IRON
9725,GLASS
9728,BONE
9741,POTTERY
9743,CERAMIC BUILDING MATERIAL
9744,IRON
9745,GLASS
9761,POTTERY
9764,IRON
9765,GLASS
9767,STONE
9768,Animal Bone
9771,POTTERY
9774,IRON
9881,POTTERY
9883,CERAMIC BUILDING MATERIAL
9884,IRON
9885,GLASS
9981,POTTERY
9983,CERAMIC BUILDING MATERIAL
9984,IRON
9987,STONE
9988,Animal Bone
10171,POTTERY
10175,GLASS
10451,POTTERY
10457,STONE
10458,Animal Bone
10531,POTTERY
10538,Animal Bone
10540,CHARCOAL
10801,POTTERY
10821,POTTERY
10824,IRON
10825,GLASS
11221,POTTERY
11224,IRON
11228,Animal Bone
11361,POTTERY
11364,IRON
11541,POTTERY
11548,Animal Bone
1711,Copper Alloy
1805,Pottery
1830,Iron
1860,Lead
21521,POTTERY
21524,IRON
21526,STONE
21528,Animal Bone
21571,POTTERY
21574,IRON
21578,Animal Bone
21641,POTTERY
21645,GLASS
21648,BONE
21671,POTTERY
21674,IRON
21677,BONE
21733,CERAMIC
21751,POTTERY
21754,IRON
21758,Animal Bone
21834,IRON
21871,POTTERY
21874,IRON
21901,POTTERY
21908,BONE
24071,POTTERY
24078,BONE
24231,PO
24232,TI
24238,AB
24251,POTTERY
24254,IRON
24258,BONE
25281,POTTERY
25284,IRON
25288,Animal Bone
18401,POTTERY
18404,IRON
18408,Animal Bone
19531,POTTERY
19551,POTTERY
19554,IRON
19555,GLASS
19558,Animal Bone
19561,POTTERY
19564,IRON
19565,GLASS
19566,STONE
19568,Animal Bone
19608,BONE
19701,POTTERY
19703,CERAMIC
19708,Animal Bone
19710,NATURAL
19711,POTTERY
19714,IRON
19715,GLASS
19718,Animal Bone
19720,NATURAL
19738,BONE
19961,POTTERY
12061,POTTERY
13111,POTTERY
15011,POTTERY
15351,POTTERY
15731,POTTERY
15741,POTTERY
15744,IRON
17841,POTTERY
17846,STONE
17848,Animal Bone
17871,POTTERY
17872,CBM
17873,CERAMIC
17876,STONE
17878,Animal Bone
17880,NATURAL
5162,CBM
6262,CBM
6402,CBM
6412,CBM
6632,CBM
6682,CBM
7772,CBM
8622,CBM
9882,CBM
11712,CBM
12562,CBM
12572,CBM
12612,CBM
12642,CBM
12682,CBM
12712,CBM
12722,CBM
12752,CBM
12882,CBM
12962,CBM
13002,CBM
13092,CBM
13442,CBM
13642,CBM
13692,CBM
13932,CBM
14002,CBM
14052,CBM
14072,CBM
14152,CBM
14202,CBM
14222,CBM
14262,CBM
14342,CBM
14462,CBM
14482,CBM
14522,CBM
14752,CBM
14862,CBM
14892,CBM
15052,CBM
15092,CBM
15182,CBM
15292,CBM
15422,CBM
15642,CBM
15682,CBM
15692,CBM
15732,CBM
15742,CBM
15812,CBM
16652,CBM
16902,CBM
17322,CBM
17332,CBM
17662,CBM
11562,CBM
11362,CBM
32050,CHARCOAL
5151,POTTERY
5158,Animal Bone
5181,POTTERY
6411,POTTERY
6413,CBM
6501,POTTERY
6508,Animal Bone
6511,POTTERY
6514,IRON
6521,POTTERY
6528,Animal Bone
6651,POTTERY
6681,POTTERY
6683,CBM
7541,POTTERY
7545,GLASS
10331,POTTERY
10441,POTTERY
10443,CBM
10444,IRON
10445,GLASS
10446,STONE
10448,Animal Bone
10450,OTHER
11223,CBM
11230,CHARCOAL
11401,POTTERY
11403,CBM
11404,IRON
11405,GLASS
11408,BONE
11410,CHARCOAL
12976,STONE
13181,POTTERY
13183,CBM
13184,IRON
13188,Animal Bone
13190,CHARCOAL
13443,CBM
13445,GLASS
13446,STONE
13449,GLASS
13450,CHARCOAL
13451,POTTERY
13454,IRON
13455,GLASS
13456,STONE
13458,BONE
14053,CBM
14121,POTTERY
14123,CBM
14124,IRON
14126,STONE
14128,Animal Bone
14129,OTHER
14611,POTTERY
14613,CBM
14614,IRON
14615,GLASS
14618,Animal Bone
15014,IRON
15018,BONE
15095,GLASS
15097,STONE
15098,Animal Bone
15231,POTTERY
15234,IRON
15251,POTTERY
15256,STONE
15361,POTTERY
15364,IRON
15367,STONE
15368,Animal Bone
15369,PLASTER
15694,IRON
15745,GLASS
15748,Animal Bone
25331,Pottery
25334,Iron
25481,Pottery
25484,IRON
25485,Glass
25488,Animal Bone
25490,Charcoal
25491,Pottery
25494,Iron
25495,Glass
25498,Animal Bone
25500,Charcoal
25674,IRON
25675,GLASS
25680,CHARCOAL
25711,POTTERY
25881,POTTERY
25884,IRON
25888,Animal Bone
25891,POTTERY
25894,IRON
25898,Animal Bone
25941,POTTERY
25944,IRON
25945,GLASS
25948,Animal Bone
25950,CHARCOAL
25961,POTTERY
25964,IRON
25981,POTTERY
25984,IRON
25991,POTTERY
25993,CBM
25994,IRON
25996,STONE
25998,Animal Bone
26000,CHARCOAL
27011,POTTERY
27018,Animal Bone
27041,POTTERY
27044,IRON
27045,GLASS
27048,BONE
27066,STONE
27068,BONE
27111,POTTERY
27118,Animal Bone
27120,CHARCOAL
27131,POTTERY
27134,IRON
27136,STONE
27138,Animal Bone
27141,POTTERY
27143,CBM
27144,IRON
27148,Animal Bone
27150,OTHER
27211,POTTERY
27311,POTTERY
27314,IRON
27315,GLASS
27320,CHARCOAL
27421,POTTERY
27461,POTTERY
27471,POTTERY
27473,CBM
27474,IRON
27475,GLASS
27478,Animal Bone
27480,CHARCOAL
27483,CBM
27484,IRON
27488,Animal Bone
27521,POTTERY
27523,CBM
27524,IRON
27525,GLASS
27528,Animal Bone
27529,OTHER
27530,CHARCOAL
27591,POTTERY
27593,CBM
27594,IRON
27595,GLASS
27598,Animal Bone
27600,CHARCOAL
27661,POTTERY
27663,CBM
27664,IRON
27670,CHARCOAL
27671,POTTERY
27674,IRON
27680,CHARCOAL
27683,CBM
27684,IRON
27686,STONE
27690,CHARCOAL
27741,POTTERY
27744,IRON
27748,BONE
27751,POTTERY
27753,CBM
27756,STONE
27758,Animal Bone
27759,OTHER
27771,POTTERY
27778,Animal Bone
27781,POTTERY
27788,Animal Bone
27790,CHARCOAL
27811,POTTERY
27813,CBM
27814,IRON
27815,GLASS
27851,POTTERY
27858,BONE
27871,POTTERY
27874,IRON
27875,GLASS
27878,Animal Bone
27881,POTTERY
27883,CBM
27884,IRON
27886,STONE
27891,POTTERY
27898,Animal Bone
27901,POTTERY
27904,IRON
27931,POTTERY
27933,CBM
27938,BONE
27941,POTTERY
27944,IRON
27951,POTTERY
27953,CBM
27954,IRON
27955,GLASS
27958,Animal Bone
27960,CHARCOAL
27991,POTTERY
28011,POTTERY
28014,IRON
28018,BONE
28020,CHARCOAL
28031,POTTERY
28033,CBM
28034,IRON
28035,GLASS
28037,STONE
28041,POTTERY
28044,IRON
28046,STONE
28051,POTTERY
28071,POTTERY
28081,POTTERY
28084,IRON
28088,BONE
28090,CHARCOAL
28111,POTTERY
28114,IRON
28121,POTTERY
28123,CBM
28131,POTTERY
28134,IRON
28137,STONE
28138,Animal Bone
28161,POTTERY
28163,CBM
28164,IRON
28166,STONE
28171,POTTERY
28174,IRON
28175,GLASS
28181,POTTERY
28201,POTTERY
28204,IRON
28221,POTTERY
28224,IRON
28241,POTTERY
28243,CBM
28244,IRON
28245,GLASS
28246,STONE
28248,Animal Bone
28250,SHELL
28254,IRON
28261,POTTERY
28281,POTTERY
28284,IRON
28288,Animal Bone
28291,POTTERY
28298,Animal Bone
28301,POTTERY
28304,IRON
28305,GLASS
28308,Animal Bone
28310,CHARCOAL
28431,POTTERY
28434,IRON
28435,GLASS
28440,CHARCOAL
28461,POTTERY
28464,IRON
28466,STONE
28468,Animal Bone
28470,CHARCOAL
28471,POTTERY
28476,STONE
28478,BONE
28501,POTTERY
28504,IRON
28511,POTTERY
28514,IRON
28515,GLASS
28518,Animal Bone
28520,CHARCOAL
28531,POTTERY
28534,IRON
28538,BONE
28601,POTTERY
28604,IRON
28605,GLASS
28651,POTTERY
28653,CBM
28654,IRON
28655,GLASS
28657,STONE
28658,BONE
28660,CHARCOAL
28671,POTTERY
28674,IRON
28675,GLASS
28676,STONE
28678,Animal Bone
28681,POTTERY
28691,POTTERY
28694,IRON
28721,POTTERY
28724,IRON
28741,POTTERY
28743,CBM
28744,IRON
28745,GLASS
28746,STONE
28747,STONE
28748,Animal Bone
28750,CHARCOAL
28751,POTTERY
28761,POTTERY
28821,POTTERY
28828,Animal Bone
28831,POTTERY
28838,BONE
28841,POTTERY
28843,CBM
28844,IRON
28850,CHARCOAL
28861,POTTERY
28891,POTTERY
28911,POTTERY
28913,CBM
28914,IRON
28916,STONE
28920,CHARCOAL
28921,POTTERY
28923,CBM
28924,IRON
28925,GLASS
28928,BONE
28951,POTTERY
28953,CBM
28954,IRON
28958,Animal Bone
28960,CHARCOAL
28961,POTTERY
28964,IRON
28966,STONE
28968,Animal Bone
28981,POTTERY
28988,Animal Bone
30151,POTTERY
30154,IRON
30158,Animal Bone
30160,CHARCOAL
30211,POTTERY
30214,IRON
30215,GLASS
30218,Animal Bone
30331,POTTERY
30333,CBM
30334,IRON
30335,GLASS
30338,Animal Bone
30340,CHARCOAL
31011,POTTERY
31014,IRON
31018,Animal Bone
31020,CHARCOAL
31031,POTTERY
31034,IRON
31035,GLASS
31037,STONE
31038,Animal Bone
31051,POTTERY
31081,POTTERY
31091,POTTERY
31098,Animal Bone
31111,POTTERY
31113,CBM
31121,POTTERY
31128,Animal Bone
31130,CHARCOAL
31131,POTTERY
31134,IRON
31138,Animal Bone
31191,POTTERY
31193,CBM
31194,IRON
31198,Animal Bone
31200,CHARCOAL
31221,POTTERY
31224,IRON
31226,STONE
31231,POTTERY
31234,IRON
31331,POTTERY
31334,IRON
31336,STONE
31338,BONE
31341,POTTERY
31344,IRON
31345,GLASS
31346,STONE
31350,CHARCOAL
31479,OTHER
31491,POTTERY
31541,POTTERY
31544,IRON
31548,BONE
2012,Iron
2013,Copper Alloy
2022,Pottery
2025,Stone
2039,Pottery
2040,Iron
2042,Stone
2079,Copper Alloy
2080,Iron
2123,Pottery
2130,Iron
2136,Glass
2155,Copper Alloy
2166,Iron
2169,Pottery
2170,Stone
2173,Bone
2179,Pottery
2190,Pottery
2193,Bone
2194,Pottery
2197,Copper Alloy
2198,Copper Alloy
2202,Pottery
2204,Pottery
2205,Copper Alloy
2206,Pottery
2207,Pottery
2211,Iron
2212,Pottery
2213,Pottery
2214,Copper Alloy
2217,Iron
2219,Pottery
2220,Stone
2225,Copper Alloy
2228,Stone
2233,Stone
2235,Iron
2237,Iron
2249,Copper Alloy
2257,Copper Alloy
2258,Stone
2261,Pottery
2263,Copper Alloy
2264,Iron
2269,Copper Alloy
2271,Pottery
2277,Copper Alloy
2284,Glass
2289,Iron Copper Alloy
2304,Copper Alloy
2313,Glass
2315,Copper Alloy
2316,Copper Alloy
2317,Copper Alloy
2319,Pottery
2324,Copper Alloy
2325,Iron
2331,Copper Alloy
2332,Iron
2343,Iron
2344,Copper Alloy
2348,Pottery
2353,Copper Alloy
2355,Copper Alloy
2368,Iron
2371,Mortar
2377,Pottery
2378,Iron
2380,Copper Alloy
2382,Iron
2389,Copper Alloy
2391,Bone
2393,Copper Alloy
2402,Iron
2421,Lead
2422,Copper Alloy
2426,Copper Alloy
2437,Pottery
2438,Iron
2447,Iron
2452,Iron
2453,Iron
2454,Iron
2455,Copper Alloy
2466,Plaster
2486,Copper Alloy
2501,Copper Alloy
2487,Copper Alloy
2484,Copper Alloy
2508,Iron
2477,Copper Alloy
2490,Iron
2535,Copper Alloy
2547,Copper Alloy
2548,Lead
2549,Pottery
2552,Iron
2553,Iron
2554,Iron
2556,Pottery
2560,Iron
2563,Iron
2568,Iron
2573,Lead
2574,Copper Alloy
2575,Copper Alloy
2576,Copper Alloy
2579,Iron
2587,Pottery
2589,Copper Alloy
2595,Pottery
2598,Bone
2613,Copper Alloy
2614,Copper Alloy
2615,Copper Alloy
2617,Pottery
2634,Iron
2635,Frit
2639,Copper Alloy
2642,Copper Alloy
2650,Iron
2655,Iron
2658,Pottery
2659,Iron
2660,Iron
2686,Pottery
2689,Iron
2691,Pottery
2692,Iron
2713,Bone?
2721,Lead
2727,Copper Alloy
2740,Copper Alloy
2745,Copper Alloy
2747,Copper Alloy
2752,Copper Alloy
2754,Pottery
2756,Copper Alloy
2760,Copper Alloy
2763,Copper Alloy Bone
2766,Iron
2767,Bone
2772,Copper Alloy
2773,Pottery
2776,Copper Alloy
2783,Copper Alloy
2785,Iron
2786,Copper Alloy
2793,Copper Alloy
2795,Iron
2796,Frit
2801,Iron
2805,Bone
2806,Iron
2815,Copper Alloy
2824,Copper Alloy
2825,Pottery
2828,Copper Alloy
2829,Glass
2831,Iron
2832,Iron
2846,Copper Alloy
2856,Copper Alloy
2859,Iron
2860,Copper Alloy
2866,Copper Alloy
2877,Copper Alloy
2882,Iron
2883,Pottery
827,Copper Alloy
30321,POTTERY
30323,CBM
30324,IRON
30325,GLASS
30326,STONE
30328,Animal Bone
30329,OTHER
30330,CHARCOAL
30941,POTTERY
30944,IRON
30951,POTTERY
30953,CBM
30594,IRON
30955,GLASS
30956,STONE
30958,Animal Bone
30971,POTTERY
30973,CBM
30974,IRON
30975,GLASS
30976,STONE
30978,Animal Bone
30980,OTHER
31241,POTTERY
31243,OTHER
31244,IRON
31333,CBM
31340,CHARCOAL
31368,Animal Bone
31371,POTTERY
31391,POTTERY
31394,IRON
31398,Animal Bone
31493,CBM
31531,POTTERY
31533,CBM
31534,IRON
31538,BONE
31540,CHARCOAL
31551,POTTERY
31554,IRON
31591,POTTERY
31594,IRON
31641,POTTERY
31644,IRON
31645,GLASS
31647,STONE
31648,Animal Bone
31691,POTTERY
31694,IRON
31695,GLASS
31698,Animal Bone
31741,POTTERY
31744,IRON
31745,GLASS
31747,STONE
31748,Animal Bone
31781,POTTERY
31783,MORTAR
31784,IRON
31786,STONE
31791,POTTERY
31793,CBM
31794,IRON
31800,CHARCOAL
31831,POTTERY
31838,Animal Bone
31839,Opus Signinum
31841,POTTERY
31844,IRON
31848,Animal Bone
31861,POTTERY
31868,Animal Bone
31881,POTTERY
31888,Animal Bone
31981,POTTERY
31984,IRON
31985,GLASS
31986,STONE
31988,Animal Bone
32011,POTTERY
32014,IRON
32015,GLASS
32051,POTTERY
32053,CBM
32055,STONE
32071,POTTERY
32073,CBM
32074,IRON
32078,Animal Bone
32080,CHARCOAL
32091,POTTERY
32093,CBM
32094,IRON
32096,STONE
32097,STONE
32098,Animal Bone
32321,POTTERY
32324,IRON
32325,GLASS
32326,STONE
32328,Animal Bone
32329,OTHER
32511,POTTERY
32513,CBM
32514,IRON
32515,GLASS
32516,STONE
32518,Animal Bone
33001,POTTERY
33471,POTTERY
33474,IRON
33478,Animal Bone
34011,POTTERY
34051,POTTERY
34054,IRON
34058,Animal Bone
34081,POTTERY
34088,POTTERY
34461,POTTERY
34464,IRON
34468,Animal Bone
34651,Pottery
34658,Animal Bone
34731,POTTERY
34738,Animal Bone
34791,Pottery
34794,IRON
34798,AB
34799,Daub
34891,Pottery
34894,IRON
34895,GLASS
34898,AB
34901,PO
34904,IRON
34908,AB
34941,PO
34944,IRON
34945,GLASS
34946,STONE
34948,AB
34949,DA
34950,CHARCOAL
34991,PO
34993,CBM
34998,AB
35101,Pottery
35104,IRON
35108,AB
35151,POTTERY
35157,STONE
35711,POTTERY
35715,Glass
35720,CHARCOAL
35851,POTTERY
35861,PO
35864,IRON
35868,AB
35951,POTTERY
35959,OTHER
36011,POTTERY
36013,CBM
36014,IRON
36018,AB
36171,POTTERY
36179,Plaster
2924,Glass
2928,Iron
2942,Copper Alloy
2949,Iron
2952,Pot
2953,Copper Alloy
2957,Iron
2959,Pot
2961,Copper Alloy
2926,Copper Alloy
2958,Copper Alloy
2964,Copper Alloy
2965,Copper Alloy
2967,Plaster
2974,Pot
2975,Copper Alloy
2977,Iron
2980,Iron
2983,Lead
2984,Iron
2985,Copper Alloy
2995,Stone
2998,Iron
2999,Copper Alloy
3001,Glass
3002,Copper Alloy
3005,Pot
3006,Iron
3008,Iron
3011,Copper Alloy
3017,Copper Alloy
3018,Frit
3021,Iron
3022,Copper Alloy
3024,Copper Alloy
3025,Copper Alloy
3029,Iron
3031,Iron
3037,Lead
3040,Copper Alloy
3042,Iron
3044,Copper Alloy
3048,Copper Alloy
3049,Copper Alloy
3050,Iron
3055,Gold
3068,Bone
3069,Shale
3075,Copper Alloy
3076,Copper Alloy
3077,Iron
3079,Pottery
3082,Copper Alloy
3083,Copper Alloy
3084,Copper Alloy
3085,Shale
3086,Copper Alloy
3094,Glass
3095,Pottery
3096,Pottery
3098,Copper Alloy
3110,Copper Alloy
3112,Copper Alloy
3113,Iron
3131,Marble
3133,Copper Alloy
3140,Iron
3142,Iron
3145,Iron
3154,Iron
3155,Copper Alloy
3156,Pottery
3164,Samian
3165,Bone
3167,Pottery
3169,Copper Alloy
3170,Pottery
3173,Iron
3175,Samian
3177,Pottery
3179,Copper Alloy
3219,Stone
3220,Stone
3229,Stone
3230,Glass
3253,Stone
3256,Copper Alloy
3260,Ivory
3264,Copper Alloy
36501,POTTERY
36505,GLASS
36508,Animal Bone
36511,POTTERY
5154,IRON
5188,Animal Bone
5241,POTTERY
5245,GLASS
5248,BONE
6504,IRON
6525,GLASS
6578,Animal Bone
6581,POTTERY
6588,Animal Bone
6601,POTTERY
6604,IRON
6608,Animal Bone
6621,POTTERY
6631,POTTERY
6634,IRON
6638,Animal Bone
6641,POTTERY
6643,CERAMIC
6644,IRON
6648,Animal Bone
10831,POTTERY
10834,IRON
10838,Animal Bone
12151,POTTERY
12154,IRON
12461,POTTERY
12464,IRON
12468,Animal Bone
12469,Opus Signinum
13461,POTTERY
13464,IRON
13468,Animal Bone
15041,POTTERY
15044,IRON
15221,POTTERY
15224,IRON
15228,Animal Bone
15235,GLASS
15237,STONE
15238,Animal Bone
15831,POTTERY
15838,Animal Bone
16241,POTTERY
16244,IRON
16251,POTTERY
16254,IRON
16258,Animal Bone
26781,POTTERY
26783,CBM
26784,IRON
26785,GLASS
26788,Animal Bone
27214,IRON
27217,STONE
27218,Animal Bone
27601,POTTERY
27608,Animal Bone
27631,POTTERY
27634,IRON
27821,POTTERY
27828,Animal Bone
28135,GLASS
28698,BONE
28700,CHARCOAL
28754,IRON
28755,GLASS
28758,Animal Bone
28791,POTTERY
28794,IRON
28901,POTTERY
28904,IRON
28906,STONE
28908,Animal Bone
28963,CBM
28965,GLASS
28967,STONE
28970,NATURAL
31611,POTTERY
31614,IRON
31788,Animal Bone
31790,CHARCOAL
31801,POTTERY
31804,IRON
31808,Animal Bone
36513,CBM
36514,IRON
36515,GLASS
36518,Animal Bone
36521,POTTERY
36523,CBM
36524,IRON
36525,GLASS
36526,STONE
36528,Animal Bone
36531,POTTERY
36534,IRON
36538,Animal Bone
36671,POTTERY
36674,IRON
36678,Animal Bone
36691,POTTERY
36694,IRON
36701,POTTERY
36704,IRON
36705,GLASS
36706,STONE
36708,Animal Bone
36709,OTHER
36710,NATURAL
36741,POTTERY
36745,GLASS
36748,Animal Bone
36791,POTTERY
36793,CBM
36794,IRON
36798,Animal Bone
36800,CHARCOAL
36841,POTTERY
36861,POTTERY
36863,CBM
36864,IRON
36868,Animal Bone
36881,POTTERY
36884,IRON
36885,GLASS
36888,Animal Bone
36890,CHARCOAL
36891,POTTERY
36911,POTTERY
36914,IRON
36918,Animal Bone
36971,POTTERY
36973,IRON
36981,POTTERY
37111,POTTERY
37116,STONE
37151,POTTERY
3288,Copper Alloy
3292,Iron
3295,Glass
3297,Stone
3309,Iron
3320,Pot
3338,Pot
3340,Pot
3343,Pot
3361,Iron
3363,Copper Alloy
3365,Copper Alloy
3379,Iron
3381,Shale
3382,Iron
3384,Copper Alloy
3385,Pot
3393,Copper Alloy
3397,Iron
3409,Iron
3418,Iron
3439,Copper Alloy
3449,Iron
3457,Iron
3482,Iron
3484,Copper Alloy
3485,Copper Alloy
3486,Pot
3493,Frit
3495,Copper Alloy
3496,Iron
3499,Pot
3500,Iron
3502,Iron
3506,Copper Alloy
3512,Copper Alloy
3513,Glass
3515,Glass
3521,Glass
3524,Pottery
3528,Iron
3541,Iron
3543,Iron
3554,Pot
3581,Ceramic
3593,Iron
3601,Pottery
3602,Iron
3616,Iron
3628,Pottery
3635,Copper Alloy
3648,Copper Alloy
3653,Iron
3655,Iron
3667,Iron
3670,Pottery
3679,Copper Alloy
3682,Iron
3691,Iron
3696,Samian
3697,Iron
3717,Iron
3729,Pottery
3740,Iron
3758,Copper Alloy
3764,Copper Alloy
3766,Copper Alloy
3777,Copper Alloy
3778,Iron
3779,Copper Alloy
3783,Copper Alloy
3790,Iron
3793,Iron
3795,Iron
3796,Iron
3812,Shale
3815,Copper Alloy
3817,Stone
3827,Iron
3829,Copper Alloy
3831,Iron
3836,Copper Alloy
3843,Copper Alloy
3854,Iron
3855,Glass
3875,Stone
3879,Iron
3880,Copper Alloy Iron
3883,Glass
3890,Copper Alloy
3908,Frit
3913,Copper Alloy
3919,Iron
3922,Copper Alloy
3925,Iron
3928,Iron
3932,Iron
3933,Copper Alloy
3939,Plaster
3946,Copper Alloy
3948,Iron
3953,Iron
3962,Copper Alloy
3963,Glass
3964,Glass
3967,Pottery
3968,Glass
3969,Glass
3975,Iron
3976,Iron
3978,Glass
3981,Iron
3985,Copper Alloy
3999,Iron
4003,Copper Alloy
4017,Glass
4018,Copper Alloy
4019,Glass
36301,POTTERY
36308,Animal Bone
37431,POTTERY
37438,Animal Bone
3129,Copper Alloy
2963,Copper Alloy
2990,Copper Alloy
38541,POTTERY
38544,IRON
38851,POTTERY
38854,IRON
38861,POTTERY
38864,IRON
38868,Animal Bone
38870,NATURAL
39091,POTTERY
39521,POTTERY
39528,Animal Bone
39531,POTTERY
39541,POTTERY
39544,IRON
39545,GLASS
39546,STONE
39548,Animal Bone
39811,POTTERY
39818,Animal Bone
39941,POTTERY
39944,IRON
40511,POTTERY
40521,POTTERY
40524,IRON
40525,GLASS
40528,Animal Bone
40561,POTTERY
40565,GLASS
40571,POTTERY
40591,POTTERY
40598,Animal Bone
40601,POTTERY
40604,IRON
40605,GLASS
40608,Animal Bone
40611,POTTERY
40614,IRON
40615,GLASS
40631,POTTERY
40634,IRON
40641,POTTERY
40644,IRON
40671,POTTERY
40674,IRON
40678,Animal Bone
40761,POTTERY
40764,IRON
40768,Animal Bone
40771,POTTERY
40774,GLASS
40781,POTTERY
40784,IRON
40788,Animal Bone
40791,POTTERY
40798,Animal Bone
40831,POTTERY
40838,Animal Bone
40844,IRON
40841,POTTERY
40848,Animal Bone
40850,CHARCOAL
40881,POTTERY
40885,GLASS
40886,STONE
40888,Animal Bone
40891,GLASS
40921,POTTERY
40924,IRON
40927,STONE
40928,Animal Bone
40938,Animal Bone
40941,POTTERY
40944,IRON
40948,Animal Bone
40950,CHARCOAL
40981,POTTERY
40985,GLASS
40991,POTTERY
40994,IRON
41011,POTTERY
41017,STONE
41021,POTTERY
41054,IRON
41061,POTTERY
41068,Animal Bone
41121,POTTERY
41124,IRON
41128,Animal Bone
41131,POTTERY
41138,Animal Bone
41161,POTTERY
41168,Animal Bone
44201,POTTERY
44204,IRON
44205,GLASS
41371,POTTERY
41378,Animal Bone
41461,POTTERY
41468,Animal Bone
41561,POTTERY
41571,POTTERY
41721,POTTERY
41724,IRON
41728,Animal Bone
41731,POTTERY
41791,POTTERY
41798,Animal Bone
41821,POTTERY
41824,IRON
42251,POTTERY
42254,IRON
42255,GLASS
42258,Animal Bone
42581,POTTERY
42583,CBM
42584,IRON
42585,GLASS
42588,Animal Bone
42711,POTTERY
42714,IRON
42721,POTTERY
42728,Animal Bone
42741,POTTERY
42744,IRON
42748,Animal Bone
42749,Opus Signinum
42781,POTTERY
42811,POTTERY
42814,IRON
42818,Animal Bone
43061,POTTERY
43065,GLASS
43068,Animal Bone
43111,POTTERY
43114,IRON
43118,Animal Bone
43120,SHELL
43181,POTTERY
43188,Animal Bone
43211,POTTERY
43581,POTTERY
43701,POTTERY
43705,GLASS
32041,POTTERY
32044,IRON
32048,Animal Bone
33021,POTTERY
33023,CBM
33024,IRON
33025,GLASS
33041,POTTERY
33043,CBM
33044,IRON
33045,GLASS
33048,Animal Bone
33121,POTTERY
33123,CBM
33124,IRON
33126,STONE
33128,Animal Bone
33475,GLASS
34734,IRON
35015,GLASS
35154,IRON
35794,IRON
35991,POTTERY
35998,Animal Bone
36111,POTTERY
36113,CBM
36114,IRON
36115,GLASS
36116,STONE
36118,Animal Bone
36121,POTTERY
36123,CBM
36124,Iron
36125,GLASS
36128,Animal Bone
36178,Animal Bone
36211,POTTERY
36214,GLASS
36231,POTTERY
36234,IRON
36238,Animal Bone
36281,POTTERY
36284,IRON
36288,Animal Bone
36290,CHARCOAL
36303,IRON
36305,GLASS
36310,CHARCOAL
37221,POTTERY
37224,IRON
37228,Animal Bone
37251,POTTERY
37254,IRON
37255,GLASS
37258,Animal Bone
28969,PLASTER
39098,Animal Bone
15834,IRON
15837,BONE
27578,Animal Bone
27844,IRON
27848,Animal Bone
27974,IRON
27978,Animal Bone
28854,IRON
28855,GLASS
28858,Animal Bone
28859,GLASS
31015,GLASS
31195,GLASS
31197,STONE
31595,GLASS
31598,Animal Bone
32007,STONE
32008,Animal Bone
35078,Animal Bone
35807,STONE
35808,Animal Bone
35814,IRON
35815,GLASS
36703,CBM
37128,Animal Bone
39008,Animal Bone
39010,CHARCOAL
39094,IRON
39099,IRON
39100,CHARCOAL
39238,Animal Bone
39244,IRON
39248,Animal Bone
39308,Animal Bone
39441,POTTERY
39451,POTTERY
39458,Animal Bone
40811,POTTERY
40818,Animal Bone
40971,POTTERY
40975,GLASS
40980,CHARCOAL
41361,POTTERY
41364,IRON
41368,Animal Bone
41464,IRON
41491,POTTERY
41497,STONE
41499,IRON
41568,Animal Bone
41564,IRON
41794,IRON
42371,POTTERY
42723,CBM
42724,IRON
42726,STONE
42730,CHARCOAL
43541,POTTERY
43545,GLASS
43548,Animal Bone
47314,IRON
47658,Animal Bone
47751,POTTERY
47754,IRON
47755,GLASS
47758,Animal Bone
47760,NATURAL
47981,POTTERY
48051,POTTERY
48054,IRON
48055,GLASS
48058,Animal Bone
48059,MORTAR
48060,CHARCOAL
48071,POTTERY
48074,IRON
48075,GLASS
48131,POTTERY
48134,IRON
48135,GLASS
48138,Animal Bone
48140,SHELL
48321,POTTERY
48325,GLASS
48328,Animal Bone
48329,MORTAR
48351,POTTERY
48354,IRON
48355,GLASS
48357,STONE
48358,Animal Bone
48360,NATURAL
48401,POTTERY
48404,IRON
48408,BONE
48409,Opus Signinum
48601,POTTERY
48604,IRON
48605,GLASS
48608,BONE
49011,POTTERY
49013,CBM
49014,IRON
49015,GLASS
49018,Animal Bone
49020,CHARCOAL
49121,POTTERY
49124,IRON
49125,GLASS
49130,CHARCOAL
49151,POTTERY
49154,IRON
49158,Animal Bone
49211,POTTERY
49231,POTTERY
49234,IRON
49235,GLASS
49271,POTTERY
49274,IRON
49278,Animal Bone
49281,POTTERY
49284,Iron
49288,Animal Bone
49290,NATURAL
49321,POTTERY
49421,POTTERY
49424,IRON
49428,Animal Bone
49611,POTTERY
49618,Animal Bone
49851,POTTERY
49854,IRON
49858,BONE
49861,POTTERY
49868,BONE
50161,POTTERY
50199,Daub
50258,Animal Bone
50301,POTTERY
50304,IRON
50511,POTTERY
50631,POTTERY
4023,Glass
4027,Glass
4028,Copper Alloy
4031,Iron
4036,Iron
4039,Iron
4041,Samian
4043,Copper Alloy
4044,Copper Alloy
4045,Copper Alloy
4046,Copper Alloy
4053,Iron
4054,Human Bone
4057,Iron
4058,Copper Alloy
4060,Iron
4061,Iron
4062,Glass
4064,Samian
4065,Copper Alloy
4069,Pottery
4071,Iron
4077,Silver
4082,Iron
4085,Pottery
4086,Iron
4089,Copper Alloy
4094,Iron
4095,Copper Alloy
4096,Glass
53041,POTTERY
53048,Animal Bone
53181,Pottery
53183,Ceramic Building Material
53251,Pottery
53421,Pottery
53431,Pottery
53461,Pottery
53468,Animal Bone
53581,Pottery
53583,Ceramic Building Material
53584,Iron
53585,Glass
53587,Stone
53588,Animal Bone
53589,Opus Signinum
53590,Shell
43619,Mortar
53701,Pottery
53703,Ceramic Building Material
53704,Iron
53705,Glass
53708,Animal Bone
53709,Charcoal
53710,Miscellaneous
53721,Pottery
53723,Ceramic Building Material
53724,Iron
53725,Glass
53728,Animal Bone
53729,Opus Signinum
53730,Shell
53808,Animal Bone
53809,Opus Signinum
53891,Pottery
53895,Glass
53898,Animal Bone
54161,Pottery
54181,Pottery
54184,Iron
54185,Glass
54188,Animal Bone
54331,Pottery
54334,Iron
54338,Animal Bone
54339,Opus Signinum
54551,Pottery
54554,Iron
55281,Pottery
55284,Iron
55285,Glass
55308,Animal Bone
50851,Pottery
50854,Iron
50855,Glass
50858,Animal Bone
50861,Pottery
50864,Iron
50865,Glass
50868,Animal Bone
50894,Iron
50898,Animal Bone
50899,Charcoal
52681,Pottery
52688,Animal Bone
52701,Pottery
52704,Iron
52705,Glass
52708,Animal Bone
52709,Miscellaneous
52771,Pottery
52774,Iron
52778,Animal Bone
52841,Pottery
52848,Animal Bone
52851,Pottery
52855,Glass
52861,Pottery
52864,Iron
52868,Animal Bone
52951,Pottery
52958,Animal Bone
52959,Opus Signinum
52974,Iron
52978,Animal Bone
52979,Plaster
55511,Pottery
55561,Pottery
55563,Ceramic Building Material
55564,Iron
55568,Animal Bone
55604,Pottery
55611,Pottery
55614,Iron
55624,Iron
55628,Animal Bone
55629,Charcoal
55631,Pottery
55638,Animal Bone
55741,Pottery
55748,Animal Bone
55771,Pottery
55778,Animal Bone
55831,Pottery
55838,Animal Bone
55839,Daub
55841,Pottery
55846,Stone
55848,Animal Bone
55851,Pottery
55911,Pottery
55921,Pottery
55931,Pottery
55934,Iron
55935,Glass
55938,Animal Bone
55981,Pottery
56091,Pottery
56098,Animal Bone
56171,Pottery
56178,Animal Bone
56271,Pottery
56278,Animal Bone
56301,Pottery
56304,Iron
56308,Animal Bone
56311,Pottery
56318,Animal Bone
56319,Plaster
56351,Pottery
56354,Iron
56355,Glass
56358,Animal Bone
56461,Pottery
56464,Iron
56491,Pottery
56481,Pottery
56483,Ceramic Building Material
56484,Iron
56489,Charcoal
56493,Ceramic Building Material
56494,Iron
56498,Animal Bone
56499,Charcoal
59541,Pottery
59544,Iron
59548,Animal Bone
59611,Pottery
59615,Glass
59616,Stone
59621,Pottery
59624,Iron
59628,Animal Bone
59671,Pottery
59674,Iron
59675,Glass
59678,Animal Bone
59679,Daub
59741,Pottery
59744,Iron
59748,Animal Bone
59761,Pottery
59764,Iron
59768,Animal Bone
59831,Pottery
59839,Daub
59881,Pottery
59884,Iron
59888,Animal Bone
59951,Pottery
59954,Iron
59958,Animal Bone
59961,Pottery
59964,Iron
59965,Glass
60071,Pottery
60074,Iron
60078,Animal Bone
60091,Pottery
60098,Animal Bone
60151,Pottery
60154,Iron
60158,Animal Bone
60191,Pottery
60194,Iron
60195,Glass
60198,Animal Bone
60201,Pottery
60208,Animal Bone
60588,Animal Bone
60601,Pottery
60758,Animal Bone
60851,Pottery
60901,Pottery
60908,Animal Bone
60931,Pottery
60933,Ceramic Building Material
60934,Iron
60938,Animal Bone
60939,Charcoal
60940,Miscellaneous
60941,Pottery
60948,Animal Bone
60951,Pottery
60954,Iron
60958,Animal Bone
60961,Pottery
60964,Iron
60968,Animal Bone
60969,Charcoal
60970,Shell
61061,Pottery
61064,Iron
61071,Pottery
61074,Iron
61184,Iron
61189,Charcoal
61234,Iron
61238,Animal Bone
61239,Charcoal
61371,Pottery
61373,Ceramic Building Material
61374,Iron
61378,Animal Bone
61379,Charcoal
61451,Pottery
61454,Iron
61458,Animal Bone
53611,Pottery
53618,Animal Bone
53619,Mortar
4108,Glass
3654,Iron
49111,Pottery
49471,Pottery
49474,Iron
49475,Glass
49478,Animal Bone
49480,Charcoal
49654,Iron
49691,Pottery
49791,Pottery
49798,Animal Bone
49864,Iron
49991,Pottery
49994,Iron
49998,Animal Bone
50561,Pottery
50564,Iron
50568,Animal Bone
12178,Animal Bone
12328,Animal Bone
14754,Iron
25338,Animal Bone
27604,Iron
27610,Charcoal
27635,Glass
27638,Animal Bone
31311,Pottery
31313,Ceramic Building Material
31314,Iron
31315,Glass
31318,Animal Bone
31461,Pottery
31464,Iron
31465,Glass
31468,Animal Bone
31610,Pottery
31618,Animal Bone
31619,Opus Signinum
31651,Pottery
32045,Glass
34021,Pottery
34028,Animal Bone
34029,Opus Signinum
34251,Pottery
34254,Iron
34257,Stone
35011,Pottery
39191,Pottery
39201,Pottery
39204,Iron
39208,Animal Bone
39411,Pottery
39418,Animal Bone
39549,Opus Signinum
39550,Shell
39591,Pottery
39593,Ceramic Building Material
39594,Iron
39595,Glass
39598,Animal Bone
40041,Pottery
40048,Animal Bone
40541,Pottery
40884,Iron
41351,Pottery
41358,Animal Bone
43191,Pottery
43194,Iron
43195,Glass
43198,Animal Bone
43471,Pottery
43474,Iron
43478,Animal Bone
43481,Pottery
43488,Animal Bone
34618,Animal Bone
40548,Animal Bone
40544,Iron
40545,Glass
40546,Stone
40550,Charcoal
34481,Pottery
34488,Animal Bone
41211,Pottery
41214,Iron
41218,Animal Bone
6611,Pottery
6617,Stone
6618,Animal Bone
4164,Copper Alloy
4144,Copper Alloy
4148,Copper Alloy
4154,Plaster
4158,Plaster
4176,Iron
4177,Iron
4180,Copper Alloy
4183,Iron
4234,Iron
4271,Copper Alloy
4280,Iron
4315,Copper Alloy
4322,Samian
4348,Iron
4357,Copper Alloy
4377,Copper Alloy
4419,Copper Alloy
4482,Copper Alloy
4499,Glass Frit
4516,Copper Alloy
6512,TI
34027,ST
4565,Pottery
12181,PO
12188,AB
12191,PO
12198,AB
31115,GL
31291,PO
39198,AB
41451,PO
41455,GL
48921,PO
48928,AB
49115,GL
49118,AB
49863,TI
53801,PO
53806,ST
55751,PO
55758,AB
55811,PO
55813,TI
55818,AB
59531,PO
59631,PO
59749,DA
59981,PO
59985,GL
59988,AB
60011,PO
60018,AB
60020,SH
60081,PO
60086,ST
60088,AB
60111,PO
60115,GL
60118,AB
60461,PO
60681,PO
60688,AB
60861,PO
60868,AB
60981,PO
60988,AB
61021,PO
61028,AB
61161,PO
61168,AB
61169,DA
61281,PO
61288,AB
9886,ST
25426,ST
33476,MI
28132,TI
31112,TI
39192,TI
41462,ST
