find_id,within_investigation_id
877,SILCHESTER
5161,SILCHESTER
5164,SILCHESTER
5168,SILCHESTER
5170,SILCHESTER
6264,SILCHESTER
6401,SILCHESTER
6403,SILCHESTER
6404,SILCHESTER
6405,SILCHESTER
6407,SILCHESTER
6408,SILCHESTER
6410,SILCHESTER
7581,SILCHESTER
7584,SILCHESTER
7586,SILCHESTER
7587,SILCHESTER
7588,SILCHESTER
7771,SILCHESTER
7774,SILCHESTER
7775,SILCHESTER
7778,SILCHESTER
7881,SILCHESTER
7883,SILCHESTER
7884,SILCHESTER
7885,SILCHESTER
7887,SILCHESTER
7888,SILCHESTER
7890,SILCHESTER
6253,SILCHESTER
6261,SILCHESTER
7961,SILCHESTER
7963,SILCHESTER
7964,SILCHESTER
7965,SILCHESTER
7966,SILCHESTER
6267,SILCHESTER
7967,SILCHESTER
7968,SILCHESTER
7970,SILCHESTER
6291,SILCHESTER
6294,SILCHESTER
6297,SILCHESTER
6298,SILCHESTER
551,SILCHESTER
528,SILCHESTER
651,SILCHESTER
652,SILCHESTER
674,SILCHESTER
678,SILCHESTER
683,SILCHESTER
702,SILCHESTER
742,SILCHESTER
746,SILCHESTER
774,SILCHESTER
784,SILCHESTER
7231,SILCHESTER
7234,SILCHESTER
7235,SILCHESTER
7238,SILCHESTER
7371,SILCHESTER
7373,SILCHESTER
7374,SILCHESTER
7375,SILCHESTER
7376,SILCHESTER
7378,SILCHESTER
7401,SILCHESTER
7404,SILCHESTER
7408,SILCHESTER
7421,SILCHESTER
7424,SILCHESTER
7425,SILCHESTER
7431,SILCHESTER
7433,SILCHESTER
7434,SILCHESTER
7435,SILCHESTER
7436,SILCHESTER
7437,SILCHESTER
8951,SILCHESTER
8954,SILCHESTER
8958,SILCHESTER
8621,SILCHESTER
8623,SILCHESTER
8624,SILCHESTER
8625,SILCHESTER
8628,SILCHESTER
8971,SILCHESTER
8974,SILCHESTER
8975,SILCHESTER
8977,SILCHESTER
8978,SILCHESTER
9101,SILCHESTER
9103,SILCHESTER
9104,SILCHESTER
9105,SILCHESTER
9107,SILCHESTER
8021,SILCHESTER
8024,SILCHESTER
830,SILCHESTER
8511,SILCHESTER
8513,SILCHESTER
8514,SILCHESTER
8515,SILCHESTER
8518,SILCHESTER
8581,SILCHESTER
8585,SILCHESTER
8588,SILCHESTER
9571,SILCHESTER
9573,SILCHESTER
9574,SILCHESTER
9578,SILCHESTER
9611,SILCHESTER
9614,SILCHESTER
9615,SILCHESTER
903,SILCHESTER
904,SILCHESTER
789,SILCHESTER
798,SILCHESTER
975,SILCHESTER
965,SILCHESTER
966,SILCHESTER
801,SILCHESTER
803,SILCHESTER
805,SILCHESTER
806,SILCHESTER
807,SILCHESTER
810,SILCHESTER
814,SILCHESTER
838,SILCHESTER
854,SILCHESTER
856,SILCHESTER
880,SILCHESTER
916,SILCHESTER
930,SILCHESTER
945,SILCHESTER
948,SILCHESTER
951,SILCHESTER
962,SILCHESTER
963,SILCHESTER
971,SILCHESTER
974,SILCHESTER
979,SILCHESTER
983,SILCHESTER
1015,SILCHESTER
1078,SILCHESTER
1082,SILCHESTER
1110,SILCHESTER
1056,SILCHESTER
1061,SILCHESTER
1062,SILCHESTER
1063,SILCHESTER
1069,SILCHESTER
1118,SILCHESTER
1074,SILCHESTER
1077,SILCHESTER
1320,SILCHESTER
16651,SILCHESTER
16654,SILCHESTER
16658,SILCHESTER
1121,SILCHESTER
16901,SILCHESTER
16904,SILCHESTER
16907,SILCHESTER
17321,SILCHESTER
17235,SILCHESTER
17236,SILCHESTER
17238,SILCHESTER
1138,SILCHESTER
1286,SILCHESTER
1142,SILCHESTER
1143,SILCHESTER
1158,SILCHESTER
1460,SILCHESTER
1461,SILCHESTER
17324,SILCHESTER
17325,SILCHESTER
17326,SILCHESTER
17328,SILCHESTER
17331,SILCHESTER
17334,SILCHESTER
17337,SILCHESTER
17981,SILCHESTER
17985,SILCHESTER
1204,SILCHESTER
1214,SILCHESTER
1476,SILCHESTER
17664,SILCHESTER
12565,SILCHESTER
12567,SILCHESTER
12568,SILCHESTER
12570,SILCHESTER
12571,SILCHESTER
12573,SILCHESTER
12574,SILCHESTER
12576,SILCHESTER
12577,SILCHESTER
12578,SILCHESTER
12580,SILCHESTER
12611,SILCHESTER
12613,SILCHESTER
12614,SILCHESTER
12615,SILCHESTER
12617,SILCHESTER
12618,SILCHESTER
12620,SILCHESTER
12641,SILCHESTER
12644,SILCHESTER
12645,SILCHESTER
12646,SILCHESTER
12681,SILCHESTER
12683,SILCHESTER
12684,SILCHESTER
12687,SILCHESTER
12688,SILCHESTER
12690,SILCHESTER
12711,SILCHESTER
12713,SILCHESTER
12714,SILCHESTER
12718,SILCHESTER
12721,SILCHESTER
12728,SILCHESTER
12751,SILCHESTER
12753,SILCHESTER
1231,SILCHESTER
1232,SILCHESTER
1489,SILCHESTER
12531,SILCHESTER
12534,SILCHESTER
12561,SILCHESTER
12563,SILCHESTER
12564,SILCHESTER
12755,SILCHESTER
12758,SILCHESTER
12760,SILCHESTER
12881,SILCHESTER
12883,SILCHESTER
12884,SILCHESTER
12885,SILCHESTER
12886,SILCHESTER
12968,SILCHESTER
13007,SILCHESTER
13321,SILCHESTER
13324,SILCHESTER
13327,SILCHESTER
13328,SILCHESTER
12887,SILCHESTER
12888,SILCHESTER
12890,SILCHESTER
12921,SILCHESTER
12924,SILCHESTER
12961,SILCHESTER
12963,SILCHESTER
12964,SILCHESTER
12965,SILCHESTER
13081,SILCHESTER
13108,SILCHESTER
1166,SILCHESTER
1175,SILCHESTER
1180,SILCHESTER
13831,SILCHESTER
13834,SILCHESTER
14007,SILCHESTER
14051,SILCHESTER
14054,SILCHESTER
14058,SILCHESTER
14071,SILCHESTER
14074,SILCHESTER
13901,SILCHESTER
13934,SILCHESTER
13937,SILCHESTER
14001,SILCHESTER
14004,SILCHESTER
14141,SILCHESTER
14144,SILCHESTER
14147,SILCHESTER
14148,SILCHESTER
14151,SILCHESTER
14154,SILCHESTER
14158,SILCHESTER
14160,SILCHESTER
14201,SILCHESTER
14078,SILCHESTER
14204,SILCHESTER
14206,SILCHESTER
14221,SILCHESTER
14231,SILCHESTER
14234,SILCHESTER
14238,SILCHESTER
14261,SILCHESTER
14263,SILCHESTER
14264,SILCHESTER
14268,SILCHESTER
1246,SILCHESTER
1247,SILCHESTER
14341,SILCHESTER
14344,SILCHESTER
14347,SILCHESTER
14348,SILCHESTER
14481,SILCHESTER
14521,SILCHESTER
14524,SILCHESTER
14526,SILCHESTER
14541,SILCHESTER
14544,SILCHESTER
14753,SILCHESTER
14758,SILCHESTER
14768,SILCHESTER
1250,SILCHESTER
1254,SILCHESTER
1255,SILCHESTER
1257,SILCHESTER
1260,SILCHESTER
13441,SILCHESTER
13444,SILCHESTER
13448,SILCHESTER
13491,SILCHESTER
14861,SILCHESTER
14864,SILCHESTER
14866,SILCHESTER
14868,SILCHESTER
14891,SILCHESTER
14893,SILCHESTER
14894,SILCHESTER
14895,SILCHESTER
14898,SILCHESTER
14900,SILCHESTER
14751,SILCHESTER
15051,SILCHESTER
15054,SILCHESTER
15058,SILCHESTER
15068,SILCHESTER
15091,SILCHESTER
15093,SILCHESTER
15094,SILCHESTER
15096,SILCHESTER
15291,SILCHESTER
15294,SILCHESTER
15298,SILCHESTER
15514,SILCHESTER
15518,SILCHESTER
15518,SILCHESTER
15519,SILCHESTER
15520,SILCHESTER
15681,SILCHESTER
15688,SILCHESTER
15691,SILCHESTER
15814,SILCHESTER
15817,SILCHESTER
16381,SILCHESTER
16384,SILCHESTER
16388,SILCHESTER
16431,SILCHESTER
13741,SILCHESTER
15421,SILCHESTER
15424,SILCHESTER
15425,SILCHESTER
15426,SILCHESTER
15428,SILCHESTER
15621,SILCHESTER
15628,SILCHESTER
15641,SILCHESTER
15645,SILCHESTER
16434,SILCHESTER
16437,SILCHESTER
16438,SILCHESTER
10311,SILCHESTER
11641,SILCHESTER
11643,SILCHESTER
11644,SILCHESTER
11711,SILCHESTER
11713,SILCHESTER
11714,SILCHESTER
11718,SILCHESTER
11720,SILCHESTER
9654,SILCHESTER
9658,SILCHESTER
13648,SILCHESTER
11791,SILCHESTER
11794,SILCHESTER
11798,SILCHESTER
11871,SILCHESTER
11874,SILCHESTER
11877,SILCHESTER
11878,SILCHESTER
11188,SILCHESTER
11888,SILCHESTER
11881,SILCHESTER
9721,SILCHESTER
9724,SILCHESTER
9725,SILCHESTER
9728,SILCHESTER
9741,SILCHESTER
9743,SILCHESTER
9744,SILCHESTER
9745,SILCHESTER
9761,SILCHESTER
9764,SILCHESTER
9765,SILCHESTER
9767,SILCHESTER
9768,SILCHESTER
9771,SILCHESTER
9774,SILCHESTER
9881,SILCHESTER
9883,SILCHESTER
9884,SILCHESTER
9885,SILCHESTER
9981,SILCHESTER
9983,SILCHESTER
9984,SILCHESTER
9987,SILCHESTER
9988,SILCHESTER
10171,SILCHESTER
10175,SILCHESTER
10451,SILCHESTER
10457,SILCHESTER
10458,SILCHESTER
10531,SILCHESTER
10538,SILCHESTER
10540,SILCHESTER
10801,SILCHESTER
10821,SILCHESTER
10824,SILCHESTER
10825,SILCHESTER
11221,SILCHESTER
11224,SILCHESTER
11228,SILCHESTER
11361,SILCHESTER
11364,SILCHESTER
11541,SILCHESTER
11548,SILCHESTER
1711,SILCHESTER
1805,SILCHESTER
1830,SILCHESTER
1860,SILCHESTER
21521,SILCHESTER
21524,SILCHESTER
21526,SILCHESTER
21528,SILCHESTER
21571,SILCHESTER
21574,SILCHESTER
21578,SILCHESTER
21641,SILCHESTER
21645,SILCHESTER
21648,SILCHESTER
21671,SILCHESTER
21674,SILCHESTER
21677,SILCHESTER
21733,SILCHESTER
21751,SILCHESTER
21754,SILCHESTER
21758,SILCHESTER
21834,SILCHESTER
21871,SILCHESTER
21874,SILCHESTER
21901,SILCHESTER
21908,SILCHESTER
24071,SILCHESTER
24078,SILCHESTER
24231,SILCHESTER
24232,SILCHESTER
24238,SILCHESTER
24251,SILCHESTER
24254,SILCHESTER
24258,SILCHESTER
25281,SILCHESTER
25284,SILCHESTER
25288,SILCHESTER
18401,SILCHESTER
18404,SILCHESTER
18408,SILCHESTER
19531,SILCHESTER
19551,SILCHESTER
19554,SILCHESTER
19555,SILCHESTER
19558,SILCHESTER
19561,SILCHESTER
19564,SILCHESTER
19565,SILCHESTER
19566,SILCHESTER
19568,SILCHESTER
19608,SILCHESTER
19701,SILCHESTER
19703,SILCHESTER
19708,SILCHESTER
19710,SILCHESTER
19711,SILCHESTER
19714,SILCHESTER
19715,SILCHESTER
19718,SILCHESTER
19720,SILCHESTER
19738,SILCHESTER
19961,SILCHESTER
12061,SILCHESTER
13111,SILCHESTER
15011,SILCHESTER
15351,SILCHESTER
15731,SILCHESTER
15741,SILCHESTER
15744,SILCHESTER
17841,SILCHESTER
17846,SILCHESTER
17848,SILCHESTER
17871,SILCHESTER
17872,SILCHESTER
17873,SILCHESTER
17876,SILCHESTER
17878,SILCHESTER
17880,SILCHESTER
5162,SILCHESTER
6262,SILCHESTER
6402,SILCHESTER
6412,SILCHESTER
6632,SILCHESTER
6682,SILCHESTER
7772,SILCHESTER
8622,SILCHESTER
9882,SILCHESTER
11712,SILCHESTER
12562,SILCHESTER
12572,SILCHESTER
12612,SILCHESTER
12642,SILCHESTER
12682,SILCHESTER
12712,SILCHESTER
12722,SILCHESTER
12752,SILCHESTER
12882,SILCHESTER
12962,SILCHESTER
13002,SILCHESTER
13092,SILCHESTER
13442,SILCHESTER
13642,SILCHESTER
13692,SILCHESTER
13932,SILCHESTER
14002,SILCHESTER
14052,SILCHESTER
14072,SILCHESTER
14152,SILCHESTER
14202,SILCHESTER
14222,SILCHESTER
14262,SILCHESTER
14342,SILCHESTER
14462,SILCHESTER
14482,SILCHESTER
14522,SILCHESTER
14752,SILCHESTER
14862,SILCHESTER
14892,SILCHESTER
15052,SILCHESTER
15092,SILCHESTER
15182,SILCHESTER
15292,SILCHESTER
15422,SILCHESTER
15642,SILCHESTER
15682,SILCHESTER
15692,SILCHESTER
15732,SILCHESTER
15742,SILCHESTER
15812,SILCHESTER
16652,SILCHESTER
16902,SILCHESTER
17322,SILCHESTER
17332,SILCHESTER
17662,SILCHESTER
11562,SILCHESTER
11362,SILCHESTER
32050,SILCHESTER
5151,SILCHESTER
5158,SILCHESTER
5181,SILCHESTER
6411,SILCHESTER
6413,SILCHESTER
6501,SILCHESTER
6508,SILCHESTER
6511,SILCHESTER
6514,SILCHESTER
6521,SILCHESTER
6528,SILCHESTER
6651,SILCHESTER
6681,SILCHESTER
6683,SILCHESTER
7541,SILCHESTER
7545,SILCHESTER
10331,SILCHESTER
10441,SILCHESTER
10443,SILCHESTER
10444,SILCHESTER
10445,SILCHESTER
10446,SILCHESTER
10448,SILCHESTER
10450,SILCHESTER
11223,SILCHESTER
11230,SILCHESTER
11401,SILCHESTER
11403,SILCHESTER
11404,SILCHESTER
11405,SILCHESTER
11408,SILCHESTER
11410,SILCHESTER
12976,SILCHESTER
13181,SILCHESTER
13183,SILCHESTER
13184,SILCHESTER
13188,SILCHESTER
13190,SILCHESTER
13443,SILCHESTER
13445,SILCHESTER
13446,SILCHESTER
13449,SILCHESTER
13450,SILCHESTER
13451,SILCHESTER
13454,SILCHESTER
13455,SILCHESTER
13456,SILCHESTER
13458,SILCHESTER
14053,SILCHESTER
14121,SILCHESTER
14123,SILCHESTER
14124,SILCHESTER
14126,SILCHESTER
14128,SILCHESTER
14129,SILCHESTER
14611,SILCHESTER
14613,SILCHESTER
14614,SILCHESTER
14615,SILCHESTER
14618,SILCHESTER
15014,SILCHESTER
15018,SILCHESTER
15095,SILCHESTER
15097,SILCHESTER
15098,SILCHESTER
15231,SILCHESTER
15234,SILCHESTER
15251,SILCHESTER
15256,SILCHESTER
15361,SILCHESTER
15364,SILCHESTER
15367,SILCHESTER
15368,SILCHESTER
15369,SILCHESTER
15694,SILCHESTER
15745,SILCHESTER
15748,SILCHESTER
25331,SILCHESTER
25334,SILCHESTER
25481,SILCHESTER
25484,SILCHESTER
25485,SILCHESTER
25488,SILCHESTER
25490,SILCHESTER
25491,SILCHESTER
25494,SILCHESTER
25495,SILCHESTER
25498,SILCHESTER
25500,SILCHESTER
25674,SILCHESTER
25675,SILCHESTER
25680,SILCHESTER
25711,SILCHESTER
25881,SILCHESTER
25884,SILCHESTER
25888,SILCHESTER
25891,SILCHESTER
25894,SILCHESTER
25898,SILCHESTER
25941,SILCHESTER
25944,SILCHESTER
25945,SILCHESTER
25948,SILCHESTER
25950,SILCHESTER
25961,SILCHESTER
25964,SILCHESTER
25981,SILCHESTER
25984,SILCHESTER
25991,SILCHESTER
25993,SILCHESTER
25994,SILCHESTER
25996,SILCHESTER
25998,SILCHESTER
26000,SILCHESTER
27011,SILCHESTER
27018,SILCHESTER
27041,SILCHESTER
27044,SILCHESTER
27045,SILCHESTER
27048,SILCHESTER
27066,SILCHESTER
27068,SILCHESTER
27111,SILCHESTER
27118,SILCHESTER
27120,SILCHESTER
27131,SILCHESTER
27134,SILCHESTER
27136,SILCHESTER
27138,SILCHESTER
27141,SILCHESTER
27143,SILCHESTER
27144,SILCHESTER
27148,SILCHESTER
27150,SILCHESTER
27211,SILCHESTER
27311,SILCHESTER
27314,SILCHESTER
27315,SILCHESTER
27320,SILCHESTER
27421,SILCHESTER
27461,SILCHESTER
27471,SILCHESTER
27473,SILCHESTER
27474,SILCHESTER
27475,SILCHESTER
27478,SILCHESTER
27480,SILCHESTER
27483,SILCHESTER
27484,SILCHESTER
27488,SILCHESTER
27521,SILCHESTER
27523,SILCHESTER
27524,SILCHESTER
27525,SILCHESTER
27528,SILCHESTER
27529,SILCHESTER
27530,SILCHESTER
27591,SILCHESTER
27593,SILCHESTER
27594,SILCHESTER
27595,SILCHESTER
27598,SILCHESTER
27600,SILCHESTER
27661,SILCHESTER
27663,SILCHESTER
27664,SILCHESTER
27670,SILCHESTER
27671,SILCHESTER
27674,SILCHESTER
27680,SILCHESTER
27683,SILCHESTER
27684,SILCHESTER
27686,SILCHESTER
27690,SILCHESTER
27741,SILCHESTER
27744,SILCHESTER
27748,SILCHESTER
27751,SILCHESTER
27753,SILCHESTER
27756,SILCHESTER
27758,SILCHESTER
27759,SILCHESTER
27771,SILCHESTER
27778,SILCHESTER
27781,SILCHESTER
27788,SILCHESTER
27790,SILCHESTER
27811,SILCHESTER
27813,SILCHESTER
27814,SILCHESTER
27815,SILCHESTER
27851,SILCHESTER
27858,SILCHESTER
27871,SILCHESTER
27874,SILCHESTER
27875,SILCHESTER
27878,SILCHESTER
27881,SILCHESTER
27883,SILCHESTER
27884,SILCHESTER
27886,SILCHESTER
27891,SILCHESTER
27898,SILCHESTER
27901,SILCHESTER
27904,SILCHESTER
27931,SILCHESTER
27933,SILCHESTER
27938,SILCHESTER
27941,SILCHESTER
27944,SILCHESTER
27951,SILCHESTER
27953,SILCHESTER
27954,SILCHESTER
27955,SILCHESTER
27958,SILCHESTER
27960,SILCHESTER
27991,SILCHESTER
28011,SILCHESTER
28014,SILCHESTER
28018,SILCHESTER
28020,SILCHESTER
28031,SILCHESTER
28033,SILCHESTER
28034,SILCHESTER
28035,SILCHESTER
28037,SILCHESTER
28041,SILCHESTER
28044,SILCHESTER
28046,SILCHESTER
28051,SILCHESTER
28071,SILCHESTER
28081,SILCHESTER
28084,SILCHESTER
28088,SILCHESTER
28090,SILCHESTER
28111,SILCHESTER
28114,SILCHESTER
28121,SILCHESTER
28123,SILCHESTER
28131,SILCHESTER
28134,SILCHESTER
28137,SILCHESTER
28138,SILCHESTER
28161,SILCHESTER
28163,SILCHESTER
28164,SILCHESTER
28166,SILCHESTER
28171,SILCHESTER
28174,SILCHESTER
28175,SILCHESTER
28181,SILCHESTER
28201,SILCHESTER
28204,SILCHESTER
28221,SILCHESTER
28224,SILCHESTER
28241,SILCHESTER
28243,SILCHESTER
28244,SILCHESTER
28245,SILCHESTER
28246,SILCHESTER
28248,SILCHESTER
28250,SILCHESTER
28254,SILCHESTER
28261,SILCHESTER
28281,SILCHESTER
28284,SILCHESTER
28288,SILCHESTER
28291,SILCHESTER
28298,SILCHESTER
28301,SILCHESTER
28304,SILCHESTER
28305,SILCHESTER
28308,SILCHESTER
28310,SILCHESTER
28431,SILCHESTER
28434,SILCHESTER
28435,SILCHESTER
28440,SILCHESTER
28461,SILCHESTER
28464,SILCHESTER
28466,SILCHESTER
28468,SILCHESTER
28470,SILCHESTER
28471,SILCHESTER
28476,SILCHESTER
28478,SILCHESTER
28501,SILCHESTER
28504,SILCHESTER
28511,SILCHESTER
28514,SILCHESTER
28515,SILCHESTER
28518,SILCHESTER
28520,SILCHESTER
28531,SILCHESTER
28534,SILCHESTER
28538,SILCHESTER
28601,SILCHESTER
28604,SILCHESTER
28605,SILCHESTER
28651,SILCHESTER
28653,SILCHESTER
28654,SILCHESTER
28655,SILCHESTER
28657,SILCHESTER
28658,SILCHESTER
28660,SILCHESTER
28671,SILCHESTER
28674,SILCHESTER
28675,SILCHESTER
28676,SILCHESTER
28678,SILCHESTER
28681,SILCHESTER
28691,SILCHESTER
28694,SILCHESTER
28721,SILCHESTER
28724,SILCHESTER
28741,SILCHESTER
28743,SILCHESTER
28744,SILCHESTER
28745,SILCHESTER
28746,SILCHESTER
28747,SILCHESTER
28748,SILCHESTER
28750,SILCHESTER
28751,SILCHESTER
28761,SILCHESTER
28821,SILCHESTER
28828,SILCHESTER
28831,SILCHESTER
28838,SILCHESTER
28841,SILCHESTER
28843,SILCHESTER
28844,SILCHESTER
28850,SILCHESTER
28861,SILCHESTER
28891,SILCHESTER
28911,SILCHESTER
28913,SILCHESTER
28914,SILCHESTER
28916,SILCHESTER
28920,SILCHESTER
28921,SILCHESTER
28923,SILCHESTER
28924,SILCHESTER
28925,SILCHESTER
28928,SILCHESTER
28951,SILCHESTER
28953,SILCHESTER
28954,SILCHESTER
28958,SILCHESTER
28960,SILCHESTER
28961,SILCHESTER
28964,SILCHESTER
28966,SILCHESTER
28968,SILCHESTER
28981,SILCHESTER
28988,SILCHESTER
30151,SILCHESTER
30154,SILCHESTER
30158,SILCHESTER
30160,SILCHESTER
30211,SILCHESTER
30214,SILCHESTER
30215,SILCHESTER
30218,SILCHESTER
30331,SILCHESTER
30333,SILCHESTER
30334,SILCHESTER
30335,SILCHESTER
30338,SILCHESTER
30340,SILCHESTER
31011,SILCHESTER
31014,SILCHESTER
31018,SILCHESTER
31020,SILCHESTER
31031,SILCHESTER
31034,SILCHESTER
31035,SILCHESTER
31037,SILCHESTER
31038,SILCHESTER
31051,SILCHESTER
31081,SILCHESTER
31091,SILCHESTER
31098,SILCHESTER
31111,SILCHESTER
31113,SILCHESTER
31121,SILCHESTER
31128,SILCHESTER
31130,SILCHESTER
31131,SILCHESTER
31134,SILCHESTER
31138,SILCHESTER
31191,SILCHESTER
31193,SILCHESTER
31194,SILCHESTER
31198,SILCHESTER
31200,SILCHESTER
31221,SILCHESTER
31224,SILCHESTER
31226,SILCHESTER
31231,SILCHESTER
31234,SILCHESTER
31331,SILCHESTER
31334,SILCHESTER
31336,SILCHESTER
31338,SILCHESTER
31341,SILCHESTER
31344,SILCHESTER
31345,SILCHESTER
31346,SILCHESTER
31350,SILCHESTER
31479,SILCHESTER
31491,SILCHESTER
31541,SILCHESTER
31544,SILCHESTER
31548,SILCHESTER
2012,SILCHESTER
2013,SILCHESTER
2022,SILCHESTER
2025,SILCHESTER
2039,SILCHESTER
2040,SILCHESTER
2042,SILCHESTER
2079,SILCHESTER
2080,SILCHESTER
2123,SILCHESTER
2130,SILCHESTER
2136,SILCHESTER
2155,SILCHESTER
2166,SILCHESTER
2169,SILCHESTER
2170,SILCHESTER
2173,SILCHESTER
2179,SILCHESTER
2190,SILCHESTER
2193,SILCHESTER
2194,SILCHESTER
2197,SILCHESTER
2198,SILCHESTER
2202,SILCHESTER
2204,SILCHESTER
2205,SILCHESTER
2206,SILCHESTER
2207,SILCHESTER
2211,SILCHESTER
2212,SILCHESTER
2213,SILCHESTER
2214,SILCHESTER
2217,SILCHESTER
2219,SILCHESTER
2220,SILCHESTER
2225,SILCHESTER
2228,SILCHESTER
2233,SILCHESTER
2235,SILCHESTER
2237,SILCHESTER
2249,SILCHESTER
2257,SILCHESTER
2258,SILCHESTER
2261,SILCHESTER
2263,SILCHESTER
2264,SILCHESTER
2269,SILCHESTER
2271,SILCHESTER
2277,SILCHESTER
2284,SILCHESTER
2289,SILCHESTER
2304,SILCHESTER
2313,SILCHESTER
2315,SILCHESTER
2316,SILCHESTER
2317,SILCHESTER
2319,SILCHESTER
2324,SILCHESTER
2325,SILCHESTER
2331,SILCHESTER
2332,SILCHESTER
2343,SILCHESTER
2344,SILCHESTER
2348,SILCHESTER
2353,SILCHESTER
2355,SILCHESTER
2368,SILCHESTER
2371,SILCHESTER
2377,SILCHESTER
2378,SILCHESTER
2380,SILCHESTER
2382,SILCHESTER
2389,SILCHESTER
2391,SILCHESTER
2393,SILCHESTER
2402,SILCHESTER
2421,SILCHESTER
2422,SILCHESTER
2426,SILCHESTER
2437,SILCHESTER
2438,SILCHESTER
2447,SILCHESTER
2452,SILCHESTER
2453,SILCHESTER
2454,SILCHESTER
2455,SILCHESTER
2466,SILCHESTER
2486,SILCHESTER
2501,SILCHESTER
2487,SILCHESTER
2484,SILCHESTER
2508,SILCHESTER
2477,SILCHESTER
2490,SILCHESTER
2535,SILCHESTER
2547,SILCHESTER
2548,SILCHESTER
2549,SILCHESTER
2552,SILCHESTER
2553,SILCHESTER
2554,SILCHESTER
2556,SILCHESTER
2560,SILCHESTER
2563,SILCHESTER
2568,SILCHESTER
2573,SILCHESTER
2574,SILCHESTER
2575,SILCHESTER
2576,SILCHESTER
2579,SILCHESTER
2587,SILCHESTER
2589,SILCHESTER
2595,SILCHESTER
2598,SILCHESTER
2613,SILCHESTER
2614,SILCHESTER
2615,SILCHESTER
2617,SILCHESTER
2634,SILCHESTER
2635,SILCHESTER
2639,SILCHESTER
2642,SILCHESTER
2650,SILCHESTER
2655,SILCHESTER
2658,SILCHESTER
2659,SILCHESTER
2660,SILCHESTER
2686,SILCHESTER
2689,SILCHESTER
2691,SILCHESTER
2692,SILCHESTER
2713,SILCHESTER
2721,SILCHESTER
2727,SILCHESTER
2740,SILCHESTER
2745,SILCHESTER
2747,SILCHESTER
2752,SILCHESTER
2754,SILCHESTER
2756,SILCHESTER
2760,SILCHESTER
2763,SILCHESTER
2766,SILCHESTER
2767,SILCHESTER
2772,SILCHESTER
2773,SILCHESTER
2776,SILCHESTER
2783,SILCHESTER
2785,SILCHESTER
2786,SILCHESTER
2793,SILCHESTER
2795,SILCHESTER
2796,SILCHESTER
2801,SILCHESTER
2805,SILCHESTER
2806,SILCHESTER
2815,SILCHESTER
2824,SILCHESTER
2825,SILCHESTER
2828,SILCHESTER
2829,SILCHESTER
2831,SILCHESTER
2832,SILCHESTER
2846,SILCHESTER
2856,SILCHESTER
2859,SILCHESTER
2860,SILCHESTER
2866,SILCHESTER
2877,SILCHESTER
2882,SILCHESTER
2883,SILCHESTER
827,SILCHESTER
30321,SILCHESTER
30323,SILCHESTER
30324,SILCHESTER
30325,SILCHESTER
30326,SILCHESTER
30328,SILCHESTER
30329,SILCHESTER
30330,SILCHESTER
30941,SILCHESTER
30944,SILCHESTER
30951,SILCHESTER
30953,SILCHESTER
30594,SILCHESTER
30955,SILCHESTER
30956,SILCHESTER
30958,SILCHESTER
30971,SILCHESTER
30973,SILCHESTER
30974,SILCHESTER
30975,SILCHESTER
30976,SILCHESTER
30978,SILCHESTER
30980,SILCHESTER
31241,SILCHESTER
31243,SILCHESTER
31244,SILCHESTER
31333,SILCHESTER
31340,SILCHESTER
31368,SILCHESTER
31371,SILCHESTER
31391,SILCHESTER
31394,SILCHESTER
31398,SILCHESTER
31493,SILCHESTER
31531,SILCHESTER
31533,SILCHESTER
31534,SILCHESTER
31538,SILCHESTER
31540,SILCHESTER
31551,SILCHESTER
31554,SILCHESTER
31591,SILCHESTER
31594,SILCHESTER
31641,SILCHESTER
31644,SILCHESTER
31645,SILCHESTER
31647,SILCHESTER
31648,SILCHESTER
31691,SILCHESTER
31694,SILCHESTER
31695,SILCHESTER
31698,SILCHESTER
31741,SILCHESTER
31744,SILCHESTER
31745,SILCHESTER
31747,SILCHESTER
31748,SILCHESTER
31781,SILCHESTER
31783,SILCHESTER
31784,SILCHESTER
31786,SILCHESTER
31791,SILCHESTER
31793,SILCHESTER
31794,SILCHESTER
31800,SILCHESTER
31831,SILCHESTER
31838,SILCHESTER
31839,SILCHESTER
31841,SILCHESTER
31844,SILCHESTER
31848,SILCHESTER
31861,SILCHESTER
31868,SILCHESTER
31881,SILCHESTER
31888,SILCHESTER
31981,SILCHESTER
31984,SILCHESTER
31985,SILCHESTER
31986,SILCHESTER
31988,SILCHESTER
32011,SILCHESTER
32014,SILCHESTER
32015,SILCHESTER
32051,SILCHESTER
32053,SILCHESTER
32055,SILCHESTER
32071,SILCHESTER
32073,SILCHESTER
32074,SILCHESTER
32078,SILCHESTER
32080,SILCHESTER
32091,SILCHESTER
32093,SILCHESTER
32094,SILCHESTER
32096,SILCHESTER
32097,SILCHESTER
32098,SILCHESTER
32321,SILCHESTER
32324,SILCHESTER
32325,SILCHESTER
32326,SILCHESTER
32328,SILCHESTER
32329,SILCHESTER
32511,SILCHESTER
32513,SILCHESTER
32514,SILCHESTER
32515,SILCHESTER
32516,SILCHESTER
32518,SILCHESTER
33001,SILCHESTER
33471,SILCHESTER
33474,SILCHESTER
33478,SILCHESTER
34011,SILCHESTER
34051,SILCHESTER
34054,SILCHESTER
34058,SILCHESTER
34081,SILCHESTER
34088,SILCHESTER
34461,SILCHESTER
34464,SILCHESTER
34468,SILCHESTER
34651,SILCHESTER
34658,SILCHESTER
34731,SILCHESTER
34738,SILCHESTER
34791,SILCHESTER
34794,SILCHESTER
34798,SILCHESTER
34799,SILCHESTER
34891,SILCHESTER
34894,SILCHESTER
34895,SILCHESTER
34898,SILCHESTER
34901,SILCHESTER
34904,SILCHESTER
34908,SILCHESTER
34941,SILCHESTER
34944,SILCHESTER
34945,SILCHESTER
34946,SILCHESTER
34948,SILCHESTER
34949,SILCHESTER
34950,SILCHESTER
34991,SILCHESTER
34993,SILCHESTER
34998,SILCHESTER
35101,SILCHESTER
35104,SILCHESTER
35108,SILCHESTER
35151,SILCHESTER
35157,SILCHESTER
35711,SILCHESTER
35715,SILCHESTER
35720,SILCHESTER
35851,SILCHESTER
35861,SILCHESTER
35864,SILCHESTER
35868,SILCHESTER
35951,SILCHESTER
35959,SILCHESTER
36011,SILCHESTER
36013,SILCHESTER
36014,SILCHESTER
36018,SILCHESTER
36171,SILCHESTER
36179,SILCHESTER
2924,SILCHESTER
2928,SILCHESTER
2942,SILCHESTER
2949,SILCHESTER
2952,SILCHESTER
2953,SILCHESTER
2957,SILCHESTER
2959,SILCHESTER
2961,SILCHESTER
2926,SILCHESTER
2958,SILCHESTER
2964,SILCHESTER
2965,SILCHESTER
2967,SILCHESTER
2974,SILCHESTER
2975,SILCHESTER
2977,SILCHESTER
2980,SILCHESTER
2983,SILCHESTER
2984,SILCHESTER
2985,SILCHESTER
2995,SILCHESTER
2998,SILCHESTER
2999,SILCHESTER
3001,SILCHESTER
3002,SILCHESTER
3005,SILCHESTER
3006,SILCHESTER
3008,SILCHESTER
3011,SILCHESTER
3017,SILCHESTER
3018,SILCHESTER
3021,SILCHESTER
3022,SILCHESTER
3024,SILCHESTER
3025,SILCHESTER
3029,SILCHESTER
3031,SILCHESTER
3037,SILCHESTER
3040,SILCHESTER
3042,SILCHESTER
3044,SILCHESTER
3048,SILCHESTER
3049,SILCHESTER
3050,SILCHESTER
3055,SILCHESTER
3068,SILCHESTER
3069,SILCHESTER
3075,SILCHESTER
3076,SILCHESTER
3077,SILCHESTER
3079,SILCHESTER
3082,SILCHESTER
3083,SILCHESTER
3084,SILCHESTER
3085,SILCHESTER
3086,SILCHESTER
3094,SILCHESTER
3095,SILCHESTER
3096,SILCHESTER
3098,SILCHESTER
3110,SILCHESTER
3112,SILCHESTER
3113,SILCHESTER
3131,SILCHESTER
3133,SILCHESTER
3140,SILCHESTER
3142,SILCHESTER
3145,SILCHESTER
3154,SILCHESTER
3155,SILCHESTER
3156,SILCHESTER
3164,SILCHESTER
3165,SILCHESTER
3167,SILCHESTER
3169,SILCHESTER
3170,SILCHESTER
3173,SILCHESTER
3175,SILCHESTER
3177,SILCHESTER
3179,SILCHESTER
3219,SILCHESTER
3220,SILCHESTER
3229,SILCHESTER
3230,SILCHESTER
3253,SILCHESTER
3256,SILCHESTER
3260,SILCHESTER
3264,SILCHESTER
36501,SILCHESTER
36505,SILCHESTER
36508,SILCHESTER
36511,SILCHESTER
5154,SILCHESTER
5188,SILCHESTER
5241,SILCHESTER
5245,SILCHESTER
5248,SILCHESTER
6504,SILCHESTER
6525,SILCHESTER
6578,SILCHESTER
6581,SILCHESTER
6588,SILCHESTER
6601,SILCHESTER
6604,SILCHESTER
6608,SILCHESTER
6621,SILCHESTER
6631,SILCHESTER
6634,SILCHESTER
6638,SILCHESTER
6641,SILCHESTER
6643,SILCHESTER
6644,SILCHESTER
6648,SILCHESTER
10831,SILCHESTER
10834,SILCHESTER
10838,SILCHESTER
12151,SILCHESTER
12154,SILCHESTER
12461,SILCHESTER
12464,SILCHESTER
12468,SILCHESTER
12469,SILCHESTER
13461,SILCHESTER
13464,SILCHESTER
13468,SILCHESTER
15041,SILCHESTER
15044,SILCHESTER
15221,SILCHESTER
15224,SILCHESTER
15228,SILCHESTER
15235,SILCHESTER
15237,SILCHESTER
15238,SILCHESTER
15831,SILCHESTER
15838,SILCHESTER
16241,SILCHESTER
16244,SILCHESTER
16251,SILCHESTER
16254,SILCHESTER
16258,SILCHESTER
26781,SILCHESTER
26783,SILCHESTER
26784,SILCHESTER
26785,SILCHESTER
26788,SILCHESTER
27214,SILCHESTER
27217,SILCHESTER
27218,SILCHESTER
27601,SILCHESTER
27608,SILCHESTER
27631,SILCHESTER
27634,SILCHESTER
27821,SILCHESTER
27828,SILCHESTER
28135,SILCHESTER
28698,SILCHESTER
28700,SILCHESTER
28754,SILCHESTER
28755,SILCHESTER
28758,SILCHESTER
28791,SILCHESTER
28794,SILCHESTER
28901,SILCHESTER
28904,SILCHESTER
28906,SILCHESTER
28908,SILCHESTER
28963,SILCHESTER
28965,SILCHESTER
28967,SILCHESTER
28970,SILCHESTER
31611,SILCHESTER
31614,SILCHESTER
31788,SILCHESTER
31790,SILCHESTER
31801,SILCHESTER
31804,SILCHESTER
31808,SILCHESTER
36513,SILCHESTER
36514,SILCHESTER
36515,SILCHESTER
36518,SILCHESTER
36521,SILCHESTER
36523,SILCHESTER
36524,SILCHESTER
36525,SILCHESTER
36526,SILCHESTER
36528,SILCHESTER
36531,SILCHESTER
36534,SILCHESTER
36538,SILCHESTER
36671,SILCHESTER
36674,SILCHESTER
36678,SILCHESTER
36691,SILCHESTER
36694,SILCHESTER
36701,SILCHESTER
36704,SILCHESTER
36705,SILCHESTER
36706,SILCHESTER
36708,SILCHESTER
36709,SILCHESTER
36710,SILCHESTER
36741,SILCHESTER
36745,SILCHESTER
36748,SILCHESTER
36791,SILCHESTER
36793,SILCHESTER
36794,SILCHESTER
36798,SILCHESTER
36800,SILCHESTER
36841,SILCHESTER
36861,SILCHESTER
36863,SILCHESTER
36864,SILCHESTER
36868,SILCHESTER
36881,SILCHESTER
36884,SILCHESTER
36885,SILCHESTER
36888,SILCHESTER
36890,SILCHESTER
36891,SILCHESTER
36911,SILCHESTER
36914,SILCHESTER
36918,SILCHESTER
36971,SILCHESTER
36973,SILCHESTER
36981,SILCHESTER
37111,SILCHESTER
37116,SILCHESTER
37151,SILCHESTER
3288,SILCHESTER
3292,SILCHESTER
3295,SILCHESTER
3297,SILCHESTER
3309,SILCHESTER
3320,SILCHESTER
3338,SILCHESTER
3340,SILCHESTER
3343,SILCHESTER
3361,SILCHESTER
3363,SILCHESTER
3365,SILCHESTER
3379,SILCHESTER
3381,SILCHESTER
3382,SILCHESTER
3384,SILCHESTER
3385,SILCHESTER
3393,SILCHESTER
3397,SILCHESTER
3409,SILCHESTER
3418,SILCHESTER
3439,SILCHESTER
3449,SILCHESTER
3457,SILCHESTER
3482,SILCHESTER
3484,SILCHESTER
3485,SILCHESTER
3486,SILCHESTER
3493,SILCHESTER
3495,SILCHESTER
3496,SILCHESTER
3499,SILCHESTER
3500,SILCHESTER
3502,SILCHESTER
3506,SILCHESTER
3512,SILCHESTER
3513,SILCHESTER
3515,SILCHESTER
3521,SILCHESTER
3524,SILCHESTER
3528,SILCHESTER
3541,SILCHESTER
3543,SILCHESTER
3554,SILCHESTER
3581,SILCHESTER
3593,SILCHESTER
3601,SILCHESTER
3602,SILCHESTER
3616,SILCHESTER
3628,SILCHESTER
3635,SILCHESTER
3648,SILCHESTER
3653,SILCHESTER
3655,SILCHESTER
3667,SILCHESTER
3670,SILCHESTER
3679,SILCHESTER
3682,SILCHESTER
3691,SILCHESTER
3696,SILCHESTER
3697,SILCHESTER
3717,SILCHESTER
3729,SILCHESTER
3740,SILCHESTER
3758,SILCHESTER
3764,SILCHESTER
3766,SILCHESTER
3777,SILCHESTER
3778,SILCHESTER
3779,SILCHESTER
3783,SILCHESTER
3790,SILCHESTER
3793,SILCHESTER
3795,SILCHESTER
3796,SILCHESTER
3812,SILCHESTER
3815,SILCHESTER
3817,SILCHESTER
3827,SILCHESTER
3829,SILCHESTER
3831,SILCHESTER
3836,SILCHESTER
3843,SILCHESTER
3854,SILCHESTER
3855,SILCHESTER
3875,SILCHESTER
3879,SILCHESTER
3880,SILCHESTER
3883,SILCHESTER
3890,SILCHESTER
3908,SILCHESTER
3913,SILCHESTER
3919,SILCHESTER
3922,SILCHESTER
3925,SILCHESTER
3928,SILCHESTER
3932,SILCHESTER
3933,SILCHESTER
3939,SILCHESTER
3946,SILCHESTER
3948,SILCHESTER
3953,SILCHESTER
3962,SILCHESTER
3963,SILCHESTER
3964,SILCHESTER
3967,SILCHESTER
3968,SILCHESTER
3969,SILCHESTER
3975,SILCHESTER
3976,SILCHESTER
3978,SILCHESTER
3981,SILCHESTER
3985,SILCHESTER
3999,SILCHESTER
4003,SILCHESTER
4017,SILCHESTER
4018,SILCHESTER
4019,SILCHESTER
36301,SILCHESTER
36308,SILCHESTER
37431,SILCHESTER
37438,SILCHESTER
3129,SILCHESTER
2963,SILCHESTER
2990,SILCHESTER
38541,SILCHESTER
38544,SILCHESTER
38851,SILCHESTER
38854,SILCHESTER
38861,SILCHESTER
38864,SILCHESTER
38868,SILCHESTER
38870,SILCHESTER
39091,SILCHESTER
39521,SILCHESTER
39528,SILCHESTER
39531,SILCHESTER
39541,SILCHESTER
39544,SILCHESTER
39545,SILCHESTER
39546,SILCHESTER
39548,SILCHESTER
39811,SILCHESTER
39818,SILCHESTER
39941,SILCHESTER
39944,SILCHESTER
40511,SILCHESTER
40521,SILCHESTER
40524,SILCHESTER
40525,SILCHESTER
40528,SILCHESTER
40561,SILCHESTER
40565,SILCHESTER
40571,SILCHESTER
40591,SILCHESTER
40598,SILCHESTER
40601,SILCHESTER
40604,SILCHESTER
40605,SILCHESTER
40608,SILCHESTER
40611,SILCHESTER
40614,SILCHESTER
40615,SILCHESTER
40631,SILCHESTER
40634,SILCHESTER
40641,SILCHESTER
40644,SILCHESTER
40671,SILCHESTER
40674,SILCHESTER
40678,SILCHESTER
40761,SILCHESTER
40764,SILCHESTER
40768,SILCHESTER
40771,SILCHESTER
40774,SILCHESTER
40781,SILCHESTER
40784,SILCHESTER
40788,SILCHESTER
40791,SILCHESTER
40798,SILCHESTER
40831,SILCHESTER
40838,SILCHESTER
40844,SILCHESTER
40841,SILCHESTER
40848,SILCHESTER
40850,SILCHESTER
40881,SILCHESTER
40885,SILCHESTER
40886,SILCHESTER
40888,SILCHESTER
40891,SILCHESTER
40921,SILCHESTER
40924,SILCHESTER
40927,SILCHESTER
40928,SILCHESTER
40938,SILCHESTER
40941,SILCHESTER
40944,SILCHESTER
40948,SILCHESTER
40950,SILCHESTER
40981,SILCHESTER
40985,SILCHESTER
40991,SILCHESTER
40994,SILCHESTER
41011,SILCHESTER
41017,SILCHESTER
41021,SILCHESTER
41054,SILCHESTER
41061,SILCHESTER
41068,SILCHESTER
41121,SILCHESTER
41124,SILCHESTER
41128,SILCHESTER
41131,SILCHESTER
41138,SILCHESTER
41161,SILCHESTER
41168,SILCHESTER
44201,SILCHESTER
44204,SILCHESTER
44205,SILCHESTER
41371,SILCHESTER
41378,SILCHESTER
41461,SILCHESTER
41468,SILCHESTER
41561,SILCHESTER
41571,SILCHESTER
41721,SILCHESTER
41724,SILCHESTER
41728,SILCHESTER
41731,SILCHESTER
41791,SILCHESTER
41798,SILCHESTER
41821,SILCHESTER
41824,SILCHESTER
42251,SILCHESTER
42254,SILCHESTER
42255,SILCHESTER
42258,SILCHESTER
42581,SILCHESTER
42583,SILCHESTER
42584,SILCHESTER
42585,SILCHESTER
42588,SILCHESTER
42711,SILCHESTER
42714,SILCHESTER
42721,SILCHESTER
42728,SILCHESTER
42741,SILCHESTER
42744,SILCHESTER
42748,SILCHESTER
42749,SILCHESTER
42781,SILCHESTER
42811,SILCHESTER
42814,SILCHESTER
42818,SILCHESTER
43061,SILCHESTER
43065,SILCHESTER
43068,SILCHESTER
43111,SILCHESTER
43114,SILCHESTER
43118,SILCHESTER
43120,SILCHESTER
43181,SILCHESTER
43188,SILCHESTER
43211,SILCHESTER
43581,SILCHESTER
43701,SILCHESTER
43705,SILCHESTER
32041,SILCHESTER
32044,SILCHESTER
32048,SILCHESTER
33021,SILCHESTER
33023,SILCHESTER
33024,SILCHESTER
33025,SILCHESTER
33041,SILCHESTER
33043,SILCHESTER
33044,SILCHESTER
33045,SILCHESTER
33048,SILCHESTER
33121,SILCHESTER
33123,SILCHESTER
33124,SILCHESTER
33126,SILCHESTER
33128,SILCHESTER
33475,SILCHESTER
34734,SILCHESTER
35015,SILCHESTER
35154,SILCHESTER
35794,SILCHESTER
35991,SILCHESTER
35998,SILCHESTER
36111,SILCHESTER
36113,SILCHESTER
36114,SILCHESTER
36115,SILCHESTER
36116,SILCHESTER
36118,SILCHESTER
36121,SILCHESTER
36123,SILCHESTER
36124,SILCHESTER
36125,SILCHESTER
36128,SILCHESTER
36178,SILCHESTER
36211,SILCHESTER
36214,SILCHESTER
36231,SILCHESTER
36234,SILCHESTER
36238,SILCHESTER
36281,SILCHESTER
36284,SILCHESTER
36288,SILCHESTER
36290,SILCHESTER
36303,SILCHESTER
36305,SILCHESTER
36310,SILCHESTER
37221,SILCHESTER
37224,SILCHESTER
37228,SILCHESTER
37251,SILCHESTER
37254,SILCHESTER
37255,SILCHESTER
37258,SILCHESTER
28969,SILCHESTER
39098,SILCHESTER
15834,SILCHESTER
15837,SILCHESTER
27578,SILCHESTER
27844,SILCHESTER
27848,SILCHESTER
27974,SILCHESTER
27978,SILCHESTER
28854,SILCHESTER
28855,SILCHESTER
28858,SILCHESTER
28859,SILCHESTER
31015,SILCHESTER
31195,SILCHESTER
31197,SILCHESTER
31595,SILCHESTER
31598,SILCHESTER
32007,SILCHESTER
32008,SILCHESTER
35078,SILCHESTER
35807,SILCHESTER
35808,SILCHESTER
35814,SILCHESTER
35815,SILCHESTER
36703,SILCHESTER
37128,SILCHESTER
39008,SILCHESTER
39010,SILCHESTER
39094,SILCHESTER
39099,SILCHESTER
39100,SILCHESTER
39238,SILCHESTER
39244,SILCHESTER
39248,SILCHESTER
39308,SILCHESTER
39441,SILCHESTER
39451,SILCHESTER
39458,SILCHESTER
40811,SILCHESTER
40818,SILCHESTER
40971,SILCHESTER
40975,SILCHESTER
40980,SILCHESTER
41361,SILCHESTER
41364,SILCHESTER
41368,SILCHESTER
41464,SILCHESTER
41491,SILCHESTER
41497,SILCHESTER
41499,SILCHESTER
41568,SILCHESTER
41564,SILCHESTER
41794,SILCHESTER
42371,SILCHESTER
42723,SILCHESTER
42724,SILCHESTER
42726,SILCHESTER
42730,SILCHESTER
43541,SILCHESTER
43545,SILCHESTER
43548,SILCHESTER
47314,SILCHESTER
47658,SILCHESTER
47751,SILCHESTER
47754,SILCHESTER
47755,SILCHESTER
47758,SILCHESTER
47760,SILCHESTER
47981,SILCHESTER
48051,SILCHESTER
48054,SILCHESTER
48055,SILCHESTER
48058,SILCHESTER
48059,SILCHESTER
48060,SILCHESTER
48071,SILCHESTER
48074,SILCHESTER
48075,SILCHESTER
48131,SILCHESTER
48134,SILCHESTER
48135,SILCHESTER
48138,SILCHESTER
48140,SILCHESTER
48321,SILCHESTER
48325,SILCHESTER
48328,SILCHESTER
48329,SILCHESTER
48351,SILCHESTER
48354,SILCHESTER
48355,SILCHESTER
48357,SILCHESTER
48358,SILCHESTER
48360,SILCHESTER
48401,SILCHESTER
48404,SILCHESTER
48408,SILCHESTER
48409,SILCHESTER
48601,SILCHESTER
48604,SILCHESTER
48605,SILCHESTER
48608,SILCHESTER
49011,SILCHESTER
49013,SILCHESTER
49014,SILCHESTER
49015,SILCHESTER
49018,SILCHESTER
49020,SILCHESTER
49121,SILCHESTER
49124,SILCHESTER
49125,SILCHESTER
49130,SILCHESTER
49151,SILCHESTER
49154,SILCHESTER
49158,SILCHESTER
49211,SILCHESTER
49231,SILCHESTER
49234,SILCHESTER
49235,SILCHESTER
49271,SILCHESTER
49274,SILCHESTER
49278,SILCHESTER
49281,SILCHESTER
49284,SILCHESTER
49288,SILCHESTER
49290,SILCHESTER
49321,SILCHESTER
49421,SILCHESTER
49424,SILCHESTER
49428,SILCHESTER
49611,SILCHESTER
49618,SILCHESTER
49851,SILCHESTER
49854,SILCHESTER
49858,SILCHESTER
49861,SILCHESTER
49868,SILCHESTER
50161,SILCHESTER
50199,SILCHESTER
50258,SILCHESTER
50301,SILCHESTER
50304,SILCHESTER
50511,SILCHESTER
50631,SILCHESTER
4023,SILCHESTER
4027,SILCHESTER
4028,SILCHESTER
4031,SILCHESTER
4036,SILCHESTER
4039,SILCHESTER
4041,SILCHESTER
4043,SILCHESTER
4044,SILCHESTER
4045,SILCHESTER
4046,SILCHESTER
4053,SILCHESTER
4054,SILCHESTER
4057,SILCHESTER
4058,SILCHESTER
4060,SILCHESTER
4061,SILCHESTER
4062,SILCHESTER
4064,SILCHESTER
4065,SILCHESTER
4069,SILCHESTER
4071,SILCHESTER
4077,SILCHESTER
4082,SILCHESTER
4085,SILCHESTER
4086,SILCHESTER
4089,SILCHESTER
4094,SILCHESTER
4095,SILCHESTER
4096,SILCHESTER
53041,SILCHESTER
53048,SILCHESTER
53181,SILCHESTER
53183,SILCHESTER
53251,SILCHESTER
53421,SILCHESTER
53431,SILCHESTER
53461,SILCHESTER
53468,SILCHESTER
53581,SILCHESTER
53583,SILCHESTER
53584,SILCHESTER
53585,SILCHESTER
53587,SILCHESTER
53588,SILCHESTER
53589,SILCHESTER
53590,SILCHESTER
43619,SILCHESTER
53701,SILCHESTER
53703,SILCHESTER
53704,SILCHESTER
53705,SILCHESTER
53708,SILCHESTER
53709,SILCHESTER
53710,SILCHESTER
53721,SILCHESTER
53723,SILCHESTER
53724,SILCHESTER
53725,SILCHESTER
53728,SILCHESTER
53729,SILCHESTER
53730,SILCHESTER
53808,SILCHESTER
53809,SILCHESTER
53891,SILCHESTER
53895,SILCHESTER
53898,SILCHESTER
54161,SILCHESTER
54181,SILCHESTER
54184,SILCHESTER
54185,SILCHESTER
54188,SILCHESTER
54331,SILCHESTER
54334,SILCHESTER
54338,SILCHESTER
54339,SILCHESTER
54551,SILCHESTER
54554,SILCHESTER
55281,SILCHESTER
55284,SILCHESTER
55285,SILCHESTER
55308,SILCHESTER
50851,SILCHESTER
50854,SILCHESTER
50855,SILCHESTER
50858,SILCHESTER
50861,SILCHESTER
50864,SILCHESTER
50865,SILCHESTER
50868,SILCHESTER
50894,SILCHESTER
50898,SILCHESTER
50899,SILCHESTER
52681,SILCHESTER
52688,SILCHESTER
52701,SILCHESTER
52704,SILCHESTER
52705,SILCHESTER
52708,SILCHESTER
52709,SILCHESTER
52771,SILCHESTER
52774,SILCHESTER
52778,SILCHESTER
52841,SILCHESTER
52848,SILCHESTER
52851,SILCHESTER
52855,SILCHESTER
52861,SILCHESTER
52864,SILCHESTER
52868,SILCHESTER
52951,SILCHESTER
52958,SILCHESTER
52959,SILCHESTER
52974,SILCHESTER
52978,SILCHESTER
52979,SILCHESTER
55511,SILCHESTER
55561,SILCHESTER
55563,SILCHESTER
55564,SILCHESTER
55568,SILCHESTER
55604,SILCHESTER
55611,SILCHESTER
55614,SILCHESTER
55624,SILCHESTER
55628,SILCHESTER
55629,SILCHESTER
55631,SILCHESTER
55638,SILCHESTER
55741,SILCHESTER
55748,SILCHESTER
55771,SILCHESTER
55778,SILCHESTER
55831,SILCHESTER
55838,SILCHESTER
55839,SILCHESTER
55841,SILCHESTER
55846,SILCHESTER
55848,SILCHESTER
55851,SILCHESTER
55911,SILCHESTER
55921,SILCHESTER
55931,SILCHESTER
55934,SILCHESTER
55935,SILCHESTER
55938,SILCHESTER
55981,SILCHESTER
56091,SILCHESTER
56098,SILCHESTER
56171,SILCHESTER
56178,SILCHESTER
56271,SILCHESTER
56278,SILCHESTER
56301,SILCHESTER
56304,SILCHESTER
56308,SILCHESTER
56311,SILCHESTER
56318,SILCHESTER
56319,SILCHESTER
56351,SILCHESTER
56354,SILCHESTER
56355,SILCHESTER
56358,SILCHESTER
56461,SILCHESTER
56464,SILCHESTER
56491,SILCHESTER
56481,SILCHESTER
56483,SILCHESTER
56484,SILCHESTER
56489,SILCHESTER
56493,SILCHESTER
56494,SILCHESTER
56498,SILCHESTER
56499,SILCHESTER
59541,SILCHESTER
59544,SILCHESTER
59548,SILCHESTER
59611,SILCHESTER
59615,SILCHESTER
59616,SILCHESTER
59621,SILCHESTER
59624,SILCHESTER
59628,SILCHESTER
59671,SILCHESTER
59674,SILCHESTER
59675,SILCHESTER
59678,SILCHESTER
59679,SILCHESTER
59741,SILCHESTER
59744,SILCHESTER
59748,SILCHESTER
59761,SILCHESTER
59764,SILCHESTER
59768,SILCHESTER
59831,SILCHESTER
59839,SILCHESTER
59881,SILCHESTER
59884,SILCHESTER
59888,SILCHESTER
59951,SILCHESTER
59954,SILCHESTER
59958,SILCHESTER
59961,SILCHESTER
59964,SILCHESTER
59965,SILCHESTER
60071,SILCHESTER
60074,SILCHESTER
60078,SILCHESTER
60091,SILCHESTER
60098,SILCHESTER
60151,SILCHESTER
60154,SILCHESTER
60158,SILCHESTER
60191,SILCHESTER
60194,SILCHESTER
60195,SILCHESTER
60198,SILCHESTER
60201,SILCHESTER
60208,SILCHESTER
60588,SILCHESTER
60601,SILCHESTER
60758,SILCHESTER
60851,SILCHESTER
60901,SILCHESTER
60908,SILCHESTER
60931,SILCHESTER
60933,SILCHESTER
60934,SILCHESTER
60938,SILCHESTER
60939,SILCHESTER
60940,SILCHESTER
60941,SILCHESTER
60948,SILCHESTER
60951,SILCHESTER
60954,SILCHESTER
60958,SILCHESTER
60961,SILCHESTER
60964,SILCHESTER
60968,SILCHESTER
60969,SILCHESTER
60970,SILCHESTER
61061,SILCHESTER
61064,SILCHESTER
61071,SILCHESTER
61074,SILCHESTER
61184,SILCHESTER
61189,SILCHESTER
61234,SILCHESTER
61238,SILCHESTER
61239,SILCHESTER
61371,SILCHESTER
61373,SILCHESTER
61374,SILCHESTER
61378,SILCHESTER
61379,SILCHESTER
61451,SILCHESTER
61454,SILCHESTER
61458,SILCHESTER
53611,SILCHESTER
53618,SILCHESTER
53619,SILCHESTER
4108,SILCHESTER
3654,SILCHESTER
3748,SILCHESTER
3799,SILCHESTER
3467,SILCHESTER
3848,SILCHESTER
3483,SILCHESTER
3874,SILCHESTER
3889,SILCHESTER
3958,SILCHESTER
3987,SILCHESTER
4093,SILCHESTER
49111,SILCHESTER
49471,SILCHESTER
49474,SILCHESTER
49475,SILCHESTER
49478,SILCHESTER
49480,SILCHESTER
49654,SILCHESTER
49691,SILCHESTER
49791,SILCHESTER
49798,SILCHESTER
49864,SILCHESTER
49971,SILCHESTER
49974,SILCHESTER
49991,SILCHESTER
49994,SILCHESTER
49998,SILCHESTER
50561,SILCHESTER
50564,SILCHESTER
50568,SILCHESTER
12178,SILCHESTER
12328,SILCHESTER
14754,SILCHESTER
25338,SILCHESTER
27604,SILCHESTER
27610,SILCHESTER
27635,SILCHESTER
27638,SILCHESTER
31311,SILCHESTER
31313,SILCHESTER
31314,SILCHESTER
31315,SILCHESTER
31318,SILCHESTER
31461,SILCHESTER
31464,SILCHESTER
31465,SILCHESTER
31468,SILCHESTER
31610,SILCHESTER
31618,SILCHESTER
31619,SILCHESTER
31651,SILCHESTER
32045,SILCHESTER
34021,SILCHESTER
34028,SILCHESTER
34029,SILCHESTER
34251,SILCHESTER
34254,SILCHESTER
34257,SILCHESTER
35011,SILCHESTER
39191,SILCHESTER
39201,SILCHESTER
39204,SILCHESTER
39208,SILCHESTER
39411,SILCHESTER
39418,SILCHESTER
39549,SILCHESTER
39550,SILCHESTER
39591,SILCHESTER
39593,SILCHESTER
39594,SILCHESTER
39595,SILCHESTER
39598,SILCHESTER
40041,SILCHESTER
40048,SILCHESTER
40541,SILCHESTER
40884,SILCHESTER
41351,SILCHESTER
41358,SILCHESTER
43191,SILCHESTER
43194,SILCHESTER
43195,SILCHESTER
43198,SILCHESTER
43471,SILCHESTER
43474,SILCHESTER
43478,SILCHESTER
43481,SILCHESTER
43488,SILCHESTER
34618,SILCHESTER
40548,SILCHESTER
40544,SILCHESTER
40545,SILCHESTER
40546,SILCHESTER
40550,SILCHESTER
34481,SILCHESTER
34488,SILCHESTER
41211,SILCHESTER
41214,SILCHESTER
41218,SILCHESTER
6611,SILCHESTER
6617,SILCHESTER
6618,SILCHESTER
4164,SILCHESTER
4144,SILCHESTER
4148,SILCHESTER
4154,SILCHESTER
4158,SILCHESTER
4176,SILCHESTER
4177,SILCHESTER
4180,SILCHESTER
4183,SILCHESTER
4234,SILCHESTER
4271,SILCHESTER
4280,SILCHESTER
4315,SILCHESTER
4322,SILCHESTER
4348,SILCHESTER
4357,SILCHESTER
4377,SILCHESTER
4419,SILCHESTER
4482,SILCHESTER
4499,SILCHESTER
4516,SILCHESTER
6512,SILCHESTER
34027,SILCHESTER
4565,SILCHESTER
12181,SILCHESTER
12188,SILCHESTER
12191,SILCHESTER
12198,SILCHESTER
28974,SILCHESTER
31114,SILCHESTER
31115,SILCHESTER
31120,SILCHESTER
31137,SILCHESTER
31291,SILCHESTER
31294,SILCHESTER
39194,SILCHESTER
39198,SILCHESTER
41451,SILCHESTER
41455,SILCHESTER
48921,SILCHESTER
48928,SILCHESTER
49115,SILCHESTER
49118,SILCHESTER
49863,SILCHESTER
49870,SILCHESTER
53801,SILCHESTER
53804,SILCHESTER
53806,SILCHESTER
53810,SILCHESTER
55751,SILCHESTER
55754,SILCHESTER
55758,SILCHESTER
55811,SILCHESTER
55813,SILCHESTER
55814,SILCHESTER
55818,SILCHESTER
55820,SILCHESTER
59531,SILCHESTER
59534,SILCHESTER
59631,SILCHESTER
59749,SILCHESTER
59981,SILCHESTER
59984,SILCHESTER
59985,SILCHESTER
59988,SILCHESTER
60011,SILCHESTER
60014,SILCHESTER
60018,SILCHESTER
60020,SILCHESTER
60081,SILCHESTER
60084,SILCHESTER
60086,SILCHESTER
60088,SILCHESTER
60111,SILCHESTER
60114,SILCHESTER
60115,SILCHESTER
60118,SILCHESTER
60461,SILCHESTER
60681,SILCHESTER
60684,SILCHESTER
60688,SILCHESTER
60861,SILCHESTER
60864,SILCHESTER
60868,SILCHESTER
60981,SILCHESTER
60988,SILCHESTER
61021,SILCHESTER
61028,SILCHESTER
61161,SILCHESTER
61168,SILCHESTER
61169,SILCHESTER
61281,SILCHESTER
61284,SILCHESTER
61288,SILCHESTER
9886,SILCHESTER
25426,SILCHESTER
33476,SILCHESTER
28132,SILCHESTER
31112,SILCHESTER
39192,SILCHESTER
41462,SILCHESTER
