context_id,within_investigation_id
2035,SILCHESTER
2036,SILCHESTER
2042,SILCHESTER
2043,SILCHESTER
2051,SILCHESTER
2052,SILCHESTER
2056,SILCHESTER
2057,SILCHESTER
2062,SILCHESTER
2064,SILCHESTER
2068,SILCHESTER
2069,SILCHESTER
2073,SILCHESTER
2074,SILCHESTER
2076,SILCHESTER
2081,SILCHESTER
2082,SILCHESTER
2083,SILCHESTER
2094,SILCHESTER
2095,SILCHESTER
2096,SILCHESTER
1015,SILCHESTER
1016,SILCHESTER
1018,SILCHESTER
1021,SILCHESTER
1024,SILCHESTER
1044,SILCHESTER
1047,SILCHESTER
1067,SILCHESTER
1068,SILCHESTER
1125,SILCHESTER
1126,SILCHESTER
1129,SILCHESTER
1138,SILCHESTER
1140,SILCHESTER
1141,SILCHESTER
1142,SILCHESTER
1150,SILCHESTER
1151,SILCHESTER
1152,SILCHESTER
1154,SILCHESTER
1157,SILCHESTER
1158,SILCHESTER
1160,SILCHESTER
1161,SILCHESTER
1162,SILCHESTER
1163,SILCHESTER
1164,SILCHESTER
1165,SILCHESTER
1168,SILCHESTER
1173,SILCHESTER
1174,SILCHESTER
1183,SILCHESTER
1184,SILCHESTER
1187,SILCHESTER
1188,SILCHESTER
1223,SILCHESTER
1237,SILCHESTER
1240,SILCHESTER
1241,SILCHESTER
1242,SILCHESTER
1243,SILCHESTER
1254,SILCHESTER
1257,SILCHESTER
1258,SILCHESTER
1264,SILCHESTER
1277,SILCHESTER
1288,SILCHESTER
1296,SILCHESTER
1302,SILCHESTER
1351,SILCHESTER
1358,SILCHESTER
1362,SILCHESTER
1393,SILCHESTER
1395,SILCHESTER
1396,SILCHESTER
1397,SILCHESTER
1410,SILCHESTER
1433,SILCHESTER
1447,SILCHESTER
1448,SILCHESTER
1457,SILCHESTER
1461,SILCHESTER
1465,SILCHESTER
1466,SILCHESTER
1472,SILCHESTER
1474,SILCHESTER
1476,SILCHESTER
1477,SILCHESTER
1482,SILCHESTER
1486,SILCHESTER
1488,SILCHESTER
1498,SILCHESTER
1517,SILCHESTER
1518,SILCHESTER
1524,SILCHESTER
1525,SILCHESTER
1526,SILCHESTER
1527,SILCHESTER
1528,SILCHESTER
1529,SILCHESTER
1530,SILCHESTER
1531,SILCHESTER
1533,SILCHESTER
1535,SILCHESTER
1540,SILCHESTER
1541,SILCHESTER
1542,SILCHESTER
1543,SILCHESTER
1544,SILCHESTER
1545,SILCHESTER
1546,SILCHESTER
1552,SILCHESTER
1553,SILCHESTER
1561,SILCHESTER
1563,SILCHESTER
1564,SILCHESTER
1565,SILCHESTER
1580,SILCHESTER
1582,SILCHESTER
1583,SILCHESTER
1584,SILCHESTER
1589,SILCHESTER
1605,SILCHESTER
1606,SILCHESTER
1607,SILCHESTER
1608,SILCHESTER
1609,SILCHESTER
1615,SILCHESTER
1616,SILCHESTER
1617,SILCHESTER
1622,SILCHESTER
1626,SILCHESTER
1629,SILCHESTER
1636,SILCHESTER
1640,SILCHESTER
1654,SILCHESTER
1656,SILCHESTER
1664,SILCHESTER
1671,SILCHESTER
1679,SILCHESTER
1681,SILCHESTER
1687,SILCHESTER
1688,SILCHESTER
1699,SILCHESTER
1700,SILCHESTER
1703,SILCHESTER
1706,SILCHESTER
1712,SILCHESTER
1714,SILCHESTER
1715,SILCHESTER
1716,SILCHESTER
1717,SILCHESTER
1718,SILCHESTER
1719,SILCHESTER
1720,SILCHESTER
1721,SILCHESTER
1723,SILCHESTER
1732,SILCHESTER
1735,SILCHESTER
1742,SILCHESTER
1743,SILCHESTER
1744,SILCHESTER
1745,SILCHESTER
1746,SILCHESTER
1753,SILCHESTER
1756,SILCHESTER
1757,SILCHESTER
1761,SILCHESTER
1762,SILCHESTER
1763,SILCHESTER
1764,SILCHESTER
1767,SILCHESTER
1768,SILCHESTER
1771,SILCHESTER
1772,SILCHESTER
1775,SILCHESTER
1777,SILCHESTER
1781,SILCHESTER
1784,SILCHESTER
1788,SILCHESTER
1790,SILCHESTER
1792,SILCHESTER
1796,SILCHESTER
1797,SILCHESTER
1798,SILCHESTER
1800,SILCHESTER
1802,SILCHESTER
1808,SILCHESTER
1809,SILCHESTER
1810,SILCHESTER
1811,SILCHESTER
1812,SILCHESTER
1813,SILCHESTER
1818,SILCHESTER
1820,SILCHESTER
1832,SILCHESTER
1844,SILCHESTER
1845,SILCHESTER
1846,SILCHESTER
1847,SILCHESTER
1848,SILCHESTER
1849,SILCHESTER
1850,SILCHESTER
1851,SILCHESTER
1857,SILCHESTER
1863,SILCHESTER
1864,SILCHESTER
1869,SILCHESTER
1874,SILCHESTER
1875,SILCHESTER
1878,SILCHESTER
1879,SILCHESTER
1880,SILCHESTER
1883,SILCHESTER
1884,SILCHESTER
1890,SILCHESTER
1891,SILCHESTER
1892,SILCHESTER
1893,SILCHESTER
1894,SILCHESTER
1900,SILCHESTER
1905,SILCHESTER
1907,SILCHESTER
1911,SILCHESTER
1912,SILCHESTER
1913,SILCHESTER
1914,SILCHESTER
1915,SILCHESTER
1917,SILCHESTER
1920,SILCHESTER
1922,SILCHESTER
1923,SILCHESTER
1926,SILCHESTER
1930,SILCHESTER
1934,SILCHESTER
1946,SILCHESTER
1947,SILCHESTER
1948,SILCHESTER
1949,SILCHESTER
1952,SILCHESTER
1954,SILCHESTER
1960,SILCHESTER
1961,SILCHESTER
1967,SILCHESTER
1970,SILCHESTER
1973,SILCHESTER
1975,SILCHESTER
1976,SILCHESTER
1986,SILCHESTER
1988,SILCHESTER
1989,SILCHESTER
1991,SILCHESTER
1995,SILCHESTER
1156,SILCHESTER
2001,SILCHESTER
2014,SILCHESTER
2018,SILCHESTER
2022,SILCHESTER
2023,SILCHESTER
2025,SILCHESTER
2027,SILCHESTER
2029,SILCHESTER
2004,SILCHESTER
2005,SILCHESTER
2006,SILCHESTER
2009,SILCHESTER
2124,SILCHESTER
2125,SILCHESTER
2127,SILCHESTER
2128,SILCHESTER
2138,SILCHESTER
2140,SILCHESTER
2143,SILCHESTER
2144,SILCHESTER
2145,SILCHESTER
2146,SILCHESTER
2147,SILCHESTER
2148,SILCHESTER
2165,SILCHESTER
2174,SILCHESTER
2179,SILCHESTER
2215,SILCHESTER
2218,SILCHESTER
2183,SILCHESTER
2184,SILCHESTER
2188,SILCHESTER
2189,SILCHESTER
2190,SILCHESTER
2192,SILCHESTER
2232,SILCHESTER
2233,SILCHESTER
2245,SILCHESTER
2287,SILCHESTER
2298,SILCHESTER
2299,SILCHESTER
2252,SILCHESTER
2253,SILCHESTER
2266,SILCHESTER
2268,SILCHESTER
2284,SILCHESTER
1167,SILCHESTER
1159,SILCHESTER
2340,SILCHESTER
2453,SILCHESTER
2454,SILCHESTER
2455,SILCHESTER
2456,SILCHESTER
2457,SILCHESTER
2460,SILCHESTER
2462,SILCHESTER
2463,SILCHESTER
2470,SILCHESTER
2471,SILCHESTER
2472,SILCHESTER
2473,SILCHESTER
2474,SILCHESTER
2480,SILCHESTER
2496,SILCHESTER
2652,SILCHESTER
2657,SILCHESTER
2664,SILCHESTER
2666,SILCHESTER
2667,SILCHESTER
2668,SILCHESTER
2669,SILCHESTER
2673,SILCHESTER
2675,SILCHESTER
2681,SILCHESTER
2682,SILCHESTER
2683,SILCHESTER
2687,SILCHESTER
2690,SILCHESTER
2693,SILCHESTER
2907,SILCHESTER
2910,SILCHESTER
2922,SILCHESTER
2923,SILCHESTER
2925,SILCHESTER
3028,SILCHESTER
3033,SILCHESTER
3037,SILCHESTER
3042,SILCHESTER
3048,SILCHESTER
3049,SILCHESTER
3067,SILCHESTER
3071,SILCHESTER
3082,SILCHESTER
3088,SILCHESTER
3089,SILCHESTER
3094,SILCHESTER
3095,SILCHESTER
3096,SILCHESTER
3098,SILCHESTER
3099,SILCHESTER
3301,SILCHESTER
3302,SILCHESTER
3303,SILCHESTER
3304,SILCHESTER
3305,SILCHESTER
3306,SILCHESTER
3307,SILCHESTER
3308,SILCHESTER
3309,SILCHESTER
3310,SILCHESTER
3311,SILCHESTER
3312,SILCHESTER
3313,SILCHESTER
3316,SILCHESTER
3317,SILCHESTER
3318,SILCHESTER
3320,SILCHESTER
3321,SILCHESTER
3322,SILCHESTER
3324,SILCHESTER
3325,SILCHESTER
3326,SILCHESTER
3327,SILCHESTER
3328,SILCHESTER
3329,SILCHESTER
3330,SILCHESTER
3331,SILCHESTER
3332,SILCHESTER
3201,SILCHESTER
3202,SILCHESTER
3203,SILCHESTER
3204,SILCHESTER
3206,SILCHESTER
3210,SILCHESTER
3211,SILCHESTER
3212,SILCHESTER
3213,SILCHESTER
3214,SILCHESTER
3216,SILCHESTER
3218,SILCHESTER
3219,SILCHESTER
3221,SILCHESTER
3222,SILCHESTER
3230,SILCHESTER
3231,SILCHESTER
3232,SILCHESTER
3334,SILCHESTER
3335,SILCHESTER
3336,SILCHESTER
3343,SILCHESTER
3344,SILCHESTER
3345,SILCHESTER
3346,SILCHESTER
3347,SILCHESTER
3348,SILCHESTER
3349,SILCHESTER
3350,SILCHESTER
3351,SILCHESTER
3353,SILCHESTER
3355,SILCHESTER
3178,SILCHESTER
3360,SILCHESTER
3365,SILCHESTER
3366,SILCHESTER
3367,SILCHESTER
3368,SILCHESTER
3369,SILCHESTER
3370,SILCHESTER
3236,SILCHESTER
3238,SILCHESTER
3239,SILCHESTER
3240,SILCHESTER
3241,SILCHESTER
3242,SILCHESTER
3243,SILCHESTER
3245,SILCHESTER
3246,SILCHESTER
3244,SILCHESTER
3372,SILCHESTER
3373,SILCHESTER
3374,SILCHESTER
3375,SILCHESTER
3376,SILCHESTER
3377,SILCHESTER
3378,SILCHESTER
3379,SILCHESTER
3381,SILCHESTER
3382,SILCHESTER
3383,SILCHESTER
3384,SILCHESTER
3385,SILCHESTER
3386,SILCHESTER
3388,SILCHESTER
3389,SILCHESTER
3390,SILCHESTER
3391,SILCHESTER
3392,SILCHESTER
3393,SILCHESTER
3395,SILCHESTER
3396,SILCHESTER
3397,SILCHESTER
3398,SILCHESTER
3247,SILCHESTER
3248,SILCHESTER
3252,SILCHESTER
3253,SILCHESTER
3254,SILCHESTER
3255,SILCHESTER
3256,SILCHESTER
3257,SILCHESTER
3258,SILCHESTER
3259,SILCHESTER
3260,SILCHESTER
3261,SILCHESTER
3262,SILCHESTER
3263,SILCHESTER
3264,SILCHESTER
3265,SILCHESTER
3266,SILCHESTER
3267,SILCHESTER
3268,SILCHESTER
3269,SILCHESTER
3270,SILCHESTER
3271,SILCHESTER
3272,SILCHESTER
3273,SILCHESTER
3274,SILCHESTER
3275,SILCHESTER
3276,SILCHESTER
3277,SILCHESTER
3278,SILCHESTER
3279,SILCHESTER
3280,SILCHESTER
3281,SILCHESTER
3282,SILCHESTER
3283,SILCHESTER
3284,SILCHESTER
3285,SILCHESTER
3286,SILCHESTER
3287,SILCHESTER
3288,SILCHESTER
3289,SILCHESTER
3290,SILCHESTER
3291,SILCHESTER
3292,SILCHESTER
3293,SILCHESTER
3294,SILCHESTER
3295,SILCHESTER
3296,SILCHESTER
3297,SILCHESTER
3298,SILCHESTER
3299,SILCHESTER
3511,SILCHESTER
3512,SILCHESTER
3515,SILCHESTER
3521,SILCHESTER
3532,SILCHESTER
3533,SILCHESTER
3594,SILCHESTER
3595,SILCHESTER
3597,SILCHESTER
3601,SILCHESTER
3602,SILCHESTER
3603,SILCHESTER
3604,SILCHESTER
3605,SILCHESTER
3607,SILCHESTER
3608,SILCHESTER
3609,SILCHESTER
3610,SILCHESTER
3611,SILCHESTER
3612,SILCHESTER
3613,SILCHESTER
3614,SILCHESTER
3615,SILCHESTER
3619,SILCHESTER
3622,SILCHESTER
3623,SILCHESTER
3624,SILCHESTER
3625,SILCHESTER
3627,SILCHESTER
3628,SILCHESTER
3629,SILCHESTER
3630,SILCHESTER
3631,SILCHESTER
3632,SILCHESTER
3633,SILCHESTER
3634,SILCHESTER
3635,SILCHESTER
3636,SILCHESTER
3637,SILCHESTER
3638,SILCHESTER
3639,SILCHESTER
3640,SILCHESTER
3641,SILCHESTER
3642,SILCHESTER
3643,SILCHESTER
3644,SILCHESTER
3646,SILCHESTER
3647,SILCHESTER
3648,SILCHESTER
3649,SILCHESTER
3650,SILCHESTER
3652,SILCHESTER
3653,SILCHESTER
3654,SILCHESTER
3655,SILCHESTER
3656,SILCHESTER
3659,SILCHESTER
3661,SILCHESTER
3664,SILCHESTER
3665,SILCHESTER
3667,SILCHESTER
3668,SILCHESTER
3669,SILCHESTER
3673,SILCHESTER
3674,SILCHESTER
3675,SILCHESTER
3678,SILCHESTER
3679,SILCHESTER
3680,SILCHESTER
3681,SILCHESTER
3683,SILCHESTER
3684,SILCHESTER
3685,SILCHESTER
3686,SILCHESTER
3688,SILCHESTER
3692,SILCHESTER
3695,SILCHESTER
3696,SILCHESTER
3698,SILCHESTER
3699,SILCHESTER
3700,SILCHESTER
3701,SILCHESTER
3702,SILCHESTER
3703,SILCHESTER
3704,SILCHESTER
3705,SILCHESTER
3706,SILCHESTER
3707,SILCHESTER
3708,SILCHESTER
3709,SILCHESTER
3710,SILCHESTER
3732,SILCHESTER
3751,SILCHESTER
3922,SILCHESTER
3921,SILCHESTER
3828,SILCHESTER
3933,SILCHESTER
3924,SILCHESTER
3973,SILCHESTER
3965,SILCHESTER
3975,SILCHESTER
3920,SILCHESTER
3987,SILCHESTER
3847,SILCHESTER
4001,SILCHESTER
3977,SILCHESTER
4009,SILCHESTER
4008,SILCHESTER
3994,SILCHESTER
3901,SILCHESTER
4007,SILCHESTER
3858,SILCHESTER
3980,SILCHESTER
4015,SILCHESTER
3908,SILCHESTER
3948,SILCHESTER
3979,SILCHESTER
4017,SILCHESTER
4086,SILCHESTER
4117,SILCHESTER
3989,SILCHESTER
4012,SILCHESTER
4099,SILCHESTER
3905,SILCHESTER
3904,SILCHESTER
3903,SILCHESTER
3902,SILCHESTER
4076,SILCHESTER
4101,SILCHESTER
3800,SILCHESTER
3802,SILCHESTER
3804,SILCHESTER
3812,SILCHESTER
3925,SILCHESTER
3926,SILCHESTER
3927,SILCHESTER
3930,SILCHESTER
3946,SILCHESTER
3961,SILCHESTER
4111,SILCHESTER
3972,SILCHESTER
3990,SILCHESTER
3991,SILCHESTER
3993,SILCHESTER
3999,SILCHESTER
4006,SILCHESTER
4010,SILCHESTER
4071,SILCHESTER
4079,SILCHESTER
4080,SILCHESTER
4081,SILCHESTER
4085,SILCHESTER
4087,SILCHESTER
4094,SILCHESTER
4095,SILCHESTER
4096,SILCHESTER
4112,SILCHESTER
4072,SILCHESTER
4121,SILCHESTER
4124,SILCHESTER
4125,SILCHESTER
4126,SILCHESTER
4167,SILCHESTER
4169,SILCHESTER
4551,SILCHESTER
4552,SILCHESTER
4184,SILCHESTER
4189,SILCHESTER
4197,SILCHESTER
4556,SILCHESTER
4562,SILCHESTER
4563,SILCHESTER
4564,SILCHESTER
4570,SILCHESTER
4571,SILCHESTER
4574,SILCHESTER
4177,SILCHESTER
4188,SILCHESTER
4196,SILCHESTER
4199,SILCHESTER
4200,SILCHESTER
4215,SILCHESTER
4224,SILCHESTER
4557,SILCHESTER
4568,SILCHESTER
4567,SILCHESTER
4201,SILCHESTER
4127,SILCHESTER
4186,SILCHESTER
4191,SILCHESTER
4193,SILCHESTER
4198,SILCHESTER
4210,SILCHESTER
4211,SILCHESTER
4212,SILCHESTER
4213,SILCHESTER
4214,SILCHESTER
4222,SILCHESTER
4354,SILCHESTER
4558,SILCHESTER
4560,SILCHESTER
4569,SILCHESTER
4573,SILCHESTER
4577,SILCHESTER
4578,SILCHESTER
4581,SILCHESTER
4584,SILCHESTER
4587,SILCHESTER
4589,SILCHESTER
4590,SILCHESTER
4593,SILCHESTER
4594,SILCHESTER
4656,SILCHESTER
4657,SILCHESTER
4658,SILCHESTER
4659,SILCHESTER
4672,SILCHESTER
4673,SILCHESTER
4675,SILCHESTER
4677,SILCHESTER
4678,SILCHESTER
4679,SILCHESTER
4681,SILCHESTER
4682,SILCHESTER
4715,SILCHESTER
4123,SILCHESTER
4152,SILCHESTER
4179,SILCHESTER
4225,SILCHESTER
4231,SILCHESTER
4232,SILCHESTER
4235,SILCHESTER
4236,SILCHESTER
4237,SILCHESTER
4243,SILCHESTER
4244,SILCHESTER
4245,SILCHESTER
4246,SILCHESTER
4247,SILCHESTER
4249,SILCHESTER
4384,SILCHESTER
4385,SILCHESTER
4452,SILCHESTER
4453,SILCHESTER
4494,SILCHESTER
4553,SILCHESTER
4554,SILCHESTER
4555,SILCHESTER
4559,SILCHESTER
4561,SILCHESTER
4576,SILCHESTER
4582,SILCHESTER
4588,SILCHESTER
4591,SILCHESTER
4592,SILCHESTER
4595,SILCHESTER
4583,SILCHESTER
4597,SILCHESTER
4598,SILCHESTER
4599,SILCHESTER
4600,SILCHESTER
4601,SILCHESTER
4602,SILCHESTER
4604,SILCHESTER
4605,SILCHESTER
4606,SILCHESTER
4607,SILCHESTER
4608,SILCHESTER
4609,SILCHESTER
4612,SILCHESTER
4613,SILCHESTER
4614,SILCHESTER
4616,SILCHESTER
4617,SILCHESTER
4618,SILCHESTER
4619,SILCHESTER
4620,SILCHESTER
4621,SILCHESTER
4622,SILCHESTER
4667,SILCHESTER
4725,SILCHESTER
4737,SILCHESTER
4750,SILCHESTER
4751,SILCHESTER
4752,SILCHESTER
4753,SILCHESTER
4754,SILCHESTER
4755,SILCHESTER
4756,SILCHESTER
4757,SILCHESTER
4758,SILCHESTER
4766,SILCHESTER
4767,SILCHESTER
4768,SILCHESTER
4769,SILCHESTER
4770,SILCHESTER
4771,SILCHESTER
4774,SILCHESTER
4778,SILCHESTER
4780,SILCHESTER
4781,SILCHESTER
4783,SILCHESTER
4785,SILCHESTER
4789,SILCHESTER
4790,SILCHESTER
4806,SILCHESTER
4809,SILCHESTER
4610,SILCHESTER
4611,SILCHESTER
4818,SILCHESTER
4821,SILCHESTER
4823,SILCHESTER
4454,SILCHESTER
4459,SILCHESTER
4504,SILCHESTER
4510,SILCHESTER
4637,SILCHESTER
4772,SILCHESTER
4128,SILCHESTER
4150,SILCHESTER
4151,SILCHESTER
4170,SILCHESTER
4174,SILCHESTER
4208,SILCHESTER
4355,SILCHESTER
4356,SILCHESTER
4359,SILCHESTER
4360,SILCHESTER
4361,SILCHESTER
4364,SILCHESTER
4373,SILCHESTER
4375,SILCHESTER
4382,SILCHESTER
4386,SILCHESTER
4394,SILCHESTER
4398,SILCHESTER
4400,SILCHESTER
4636,SILCHESTER
4248,SILCHESTER
4579,SILCHESTER
4615,SILCHESTER
4623,SILCHESTER
4624,SILCHESTER
4635,SILCHESTER
4811,SILCHESTER
4858,SILCHESTER
4870,SILCHESTER
4130,SILCHESTER
4153,SILCHESTER
4158,SILCHESTER
4159,SILCHESTER
4160,SILCHESTER
4171,SILCHESTER
4172,SILCHESTER
4173,SILCHESTER
4187,SILCHESTER
4202,SILCHESTER
4203,SILCHESTER
4204,SILCHESTER
4205,SILCHESTER
4206,SILCHESTER
4207,SILCHESTER
4209,SILCHESTER
4216,SILCHESTER
4234,SILCHESTER
4460,SILCHESTER
4481,SILCHESTER
4603,SILCHESTER
4794,SILCHESTER
4819,SILCHESTER
4820,SILCHESTER
4836,SILCHESTER
4847,SILCHESTER
4848,SILCHESTER
4854,SILCHESTER
4860,SILCHESTER
4868,SILCHESTER
4154,SILCHESTER
4409,SILCHESTER
4415,SILCHESTER
4417,SILCHESTER
4420,SILCHESTER
4421,SILCHESTER
4423,SILCHESTER
4424,SILCHESTER
4430,SILCHESTER
4432,SILCHESTER
4438,SILCHESTER
4444,SILCHESTER
4445,SILCHESTER
4449,SILCHESTER
5506,SILCHESTER
5516,SILCHESTER
5518,SILCHESTER
5519,SILCHESTER
5520,SILCHESTER
5525,SILCHESTER
5530,SILCHESTER
5544,SILCHESTER
5551,SILCHESTER
5556,SILCHESTER
5563,SILCHESTER
5570,SILCHESTER
5582,SILCHESTER
4407,SILCHESTER
4408,SILCHESTER
4419,SILCHESTER
4441,SILCHESTER
5755,SILCHESTER
5757,SILCHESTER
5462,SILCHESTER
5464,SILCHESTER
5465,SILCHESTER
5492,SILCHESTER
5481,SILCHESTER
5752,SILCHESTER
5497,SILCHESTER
5761,SILCHESTER
5760,SILCHESTER
5461,SILCHESTER
5479,SILCHESTER
5762,SILCHESTER
5759,SILCHESTER
5441,SILCHESTER
5442,SILCHESTER
5499,SILCHESTER
5498,SILCHESTER
5493,SILCHESTER
5494,SILCHESTER
5495,SILCHESTER
5496,SILCHESTER
5486,SILCHESTER
5432,SILCHESTER
5444,SILCHESTER
5472,SILCHESTER
5473,SILCHESTER
5476,SILCHESTER
5478,SILCHESTER
5427,SILCHESTER
5422,SILCHESTER
5407,SILCHESTER
5446,SILCHESTER
5447,SILCHESTER
5453,SILCHESTER
5467,SILCHESTER
5468,SILCHESTER
5469,SILCHESTER
5470,SILCHESTER
5471,SILCHESTER
5485,SILCHESTER
4639,SILCHESTER
4640,SILCHESTER
4645,SILCHESTER
4646,SILCHESTER
4649,SILCHESTER
5401,SILCHESTER
5411,SILCHESTER
5412,SILCHESTER
5415,SILCHESTER
5417,SILCHESTER
5420,SILCHESTER
5421,SILCHESTER
5423,SILCHESTER
5425,SILCHESTER
5428,SILCHESTER
5429,SILCHESTER
5430,SILCHESTER
5443,SILCHESTER
5445,SILCHESTER
5275,SILCHESTER
5339,SILCHESTER
5378,SILCHESTER
5804,SILCHESTER
5313,SILCHESTER
5360,SILCHESTER
5359,SILCHESTER
5805,SILCHESTER
5265,SILCHESTER
5277,SILCHESTER
5295,SILCHESTER
5296,SILCHESTER
5298,SILCHESTER
5299,SILCHESTER
5304,SILCHESTER
5305,SILCHESTER
5307,SILCHESTER
5320,SILCHESTER
5321,SILCHESTER
5323,SILCHESTER
5332,SILCHESTER
5335,SILCHESTER
5340,SILCHESTER
5346,SILCHESTER
5351,SILCHESTER
5352,SILCHESTER
5356,SILCHESTER
5357,SILCHESTER
5371,SILCHESTER
5375,SILCHESTER
5376,SILCHESTER
5383,SILCHESTER
5393,SILCHESTER
5395,SILCHESTER
5027,SILCHESTER
5338,SILCHESTER
5365,SILCHESTER
5392,SILCHESTER
5396,SILCHESTER
5585,SILCHESTER
5586,SILCHESTER
5589,SILCHESTER
5593,SILCHESTER
6051,SILCHESTER
6052,SILCHESTER
6056,SILCHESTER
6057,SILCHESTER
6060,SILCHESTER
6061,SILCHESTER
6062,SILCHESTER
6063,SILCHESTER
6064,SILCHESTER
6065,SILCHESTER
6070,SILCHESTER
6071,SILCHESTER
6074,SILCHESTER
6076,SILCHESTER
6077,SILCHESTER
6081,SILCHESTER
6083,SILCHESTER
6082,SILCHESTER
6084,SILCHESTER
6085,SILCHESTER
6087,SILCHESTER
6091,SILCHESTER
6092,SILCHESTER
6093,SILCHESTER
6098,SILCHESTER
6100,SILCHESTER
6103,SILCHESTER
6109,SILCHESTER
6117,SILCHESTER
6122,SILCHESTER
6124,SILCHESTER
6127,SILCHESTER
6130,SILCHESTER
6131,SILCHESTER
6132,SILCHESTER
6135,SILCHESTER
6136,SILCHESTER
6137,SILCHESTER
6138,SILCHESTER
6139,SILCHESTER
6141,SILCHESTER
6142,SILCHESTER
6146,SILCHESTER
6148,SILCHESTER
6149,SILCHESTER
6150,SILCHESTER
6551,SILCHESTER
6558,SILCHESTER
6560,SILCHESTER
6568,SILCHESTER
6569,SILCHESTER
6571,SILCHESTER
6572,SILCHESTER
6573,SILCHESTER
6574,SILCHESTER
6575,SILCHESTER
6576,SILCHESTER
6580,SILCHESTER
6585,SILCHESTER
6586,SILCHESTER
6587,SILCHESTER
6588,SILCHESTER
6581,SILCHESTER
6582,SILCHESTER
6583,SILCHESTER
6584,SILCHESTER
6590,SILCHESTER
6593,SILCHESTER
6594,SILCHESTER
6595,SILCHESTER
6596,SILCHESTER
6597,SILCHESTER
6598,SILCHESTER
6601,SILCHESTER
6602,SILCHESTER
6604,SILCHESTER
6606,SILCHESTER
6607,SILCHESTER
6616,SILCHESTER
6617,SILCHESTER
6618,SILCHESTER
6620,SILCHESTER
6623,SILCHESTER
6628,SILCHESTER
6637,SILCHESTER
6640,SILCHESTER
6645,SILCHESTER
6647,SILCHESTER
5768,SILCHESTER
5769,SILCHESTER
5770,SILCHESTER
5771,SILCHESTER
6075,SILCHESTER
5777,SILCHESTER
5778,SILCHESTER
5779,SILCHESTER
5784,SILCHESTER
5785,SILCHESTER
5786,SILCHESTER
5791,SILCHESTER
5793,SILCHESTER
5794,SILCHESTER
5795,SILCHESTER
5797,SILCHESTER
5799,SILCHESTER
6453,SILCHESTER
6454,SILCHESTER
6457,SILCHESTER
6461,SILCHESTER
6462,SILCHESTER
6463,SILCHESTER
6467,SILCHESTER
6473,SILCHESTER
6474,SILCHESTER
6476,SILCHESTER
6480,SILCHESTER
6483,SILCHESTER
6488,SILCHESTER
6495,SILCHESTER
6496,SILCHESTER
6497,SILCHESTER
6498,SILCHESTER
6501,SILCHESTER
6507,SILCHESTER
6508,SILCHESTER
6509,SILCHESTER
6511,SILCHESTER
6512,SILCHESTER
6513,SILCHESTER
6514,SILCHESTER
6515,SILCHESTER
6516,SILCHESTER
6519,SILCHESTER
6520,SILCHESTER
5818,SILCHESTER
5819,SILCHESTER
5823,SILCHESTER
5824,SILCHESTER
5825,SILCHESTER
5826,SILCHESTER
5829,SILCHESTER
5831,SILCHESTER
5837,SILCHESTER
5842,SILCHESTER
5843,SILCHESTER
5846,SILCHESTER
5849,SILCHESTER
5850,SILCHESTER
5858,SILCHESTER
5861,SILCHESTER
5863,SILCHESTER
5869,SILCHESTER
5870,SILCHESTER
5872,SILCHESTER
5880,SILCHESTER
5889,SILCHESTER
5896,SILCHESTER
5848,SILCHESTER
5899,SILCHESTER
5909,SILCHESTER
5916,SILCHESTER
5918,SILCHESTER
5919,SILCHESTER
5921,SILCHESTER
5926,SILCHESTER
5928,SILCHESTER
5929,SILCHESTER
5930,SILCHESTER
5933,SILCHESTER
5955,SILCHESTER
5956,SILCHESTER
5968,SILCHESTER
5973,SILCHESTER
5975,SILCHESTER
5980,SILCHESTER
6546,SILCHESTER
5990,SILCHESTER
5996,SILCHESTER
5997,SILCHESTER
6002,SILCHESTER
6008,SILCHESTER
6014,SILCHESTER
6024,SILCHESTER
6028,SILCHESTER
6030,SILCHESTER
6032,SILCHESTER
6038,SILCHESTER
6039,SILCHESTER
6043,SILCHESTER
6048,SILCHESTER
99994,SILCHESTER
